{
  "tp": 40,
  "sl": 15,
  "threshold": 0.83,
  "daily_dd_cap": 200,
  "wr": 0.7632743362831859,
  "avg": 134.9004424778761,
  "pnl": 60975.0,
  "per_day": 5.65,
  "mos_pos_pct": 1.0,
  "passed": false,
  "fails": [
    "avg5.65/d>4",
    "YR2026-DD$-1875"
  ],
  "yearly": [
    {
      "year": 2026,
      "n": 452,
      "w": 345,
      "pnl": 60975.0,
      "dd": -1875.0,
      "wr": 0.7632743362831859
    }
  ],
  "monthly": [
    {
      "month": "2026-01",
      "n": 47,
      "w": 37,
      "pnl": 6650.0,
      "wr": 0.7872340425531915
    },
    {
      "month": "2026-02",
      "n": 179,
      "w": 139,
      "pnl": 24800.0,
      "wr": 0.776536312849162
    },
    {
      "month": "2026-03",
      "n": 109,
      "w": 79,
      "pnl": 13550.0,
      "wr": 0.7247706422018348
    },
    {
      "month": "2026-04",
      "n": 117,
      "w": 90,
      "pnl": 15975.0,
      "wr": 0.7692307692307693
    }
  ]
}