{
  "DynamicEngine3": {
    "in_sample": {
      "n_total": 4827,
      "n_vetoed": 565,
      "n_kept": 4262,
      "veto_rate": 0.11704992749119536,
      "baseline_pnl": 11917.289999999966,
      "gated_pnl": 39778.55999999997,
      "delta": 27861.270000000004,
      "baseline_wr": 0.5235135695048685,
      "gated_wr": 0.5544345377756922,
      "baseline_dd": 4927.980000000001,
      "gated_dd": 2504.4899999999875,
      "vetoed_pnl_avoided": -27861.270000000004,
      "vetoed_wr": 0.2902654867256637
    },
    "temporal_oos": {
      "n_total": 725,
      "n_vetoed": 54,
      "n_kept": 671,
      "veto_rate": 0.07448275862068965,
      "baseline_pnl": -367.4900000000032,
      "gated_pnl": -72.43000000000205,
      "delta": 295.06000000000114,
      "baseline_wr": 0.5379310344827586,
      "gated_wr": 0.5454545454545454,
      "baseline_dd": 4207.130000000001,
      "gated_dd": 3813.6500000000046,
      "vetoed_pnl_avoided": -295.0600000000002,
      "vetoed_wr": 0.4444444444444444
    },
    "walk_forward": {
      "n_total": 3862,
      "n_vetoed": 399,
      "n_kept": 3463,
      "veto_rate": 0.10331434489901606,
      "baseline_pnl": 10419.509999999958,
      "gated_pnl": 10618.469999999967,
      "delta": 198.96000000000822,
      "baseline_wr": NaN,
      "gated_wr": 0.5290210799884493,
      "baseline_dd": NaN,
      "gated_dd": 4337.129999999968,
      "vetoed_pnl_avoided": -198.96000000000822,
      "vetoed_wr": NaN
    },
    "threshold": 0.35,
    "n_trades": 4827
  },
  "AetherFlow": {
    "in_sample": {
      "n_total": 317,
      "n_vetoed": 178,
      "n_kept": 139,
      "veto_rate": 0.5615141955835962,
      "baseline_pnl": -5397.365237028072,
      "gated_pnl": 7856.929946645832,
      "delta": 13254.295183673905,
      "baseline_wr": 0.3659305993690852,
      "gated_wr": 0.5755395683453237,
      "baseline_dd": 7321.640612178488,
      "gated_dd": 533.3365056829962,
      "vetoed_pnl_avoided": -13254.295183673905,
      "vetoed_wr": 0.20224719101123595
    },
    "temporal_oos": {
      "n_total": 48,
      "n_vetoed": 23,
      "n_kept": 25,
      "veto_rate": 0.4791666666666667,
      "baseline_pnl": -634.1817302369968,
      "gated_pnl": -941.8032221748683,
      "delta": -307.6214919378715,
      "baseline_wr": 0.3125,
      "gated_wr": 0.24,
      "baseline_dd": 1325.0082931194383,
      "gated_dd": 1199.1455016931754,
      "vetoed_pnl_avoided": 307.6214919378716,
      "vetoed_wr": 0.391304347826087
    },
    "walk_forward": {
      "n_total": 254,
      "n_vetoed": 138,
      "n_kept": 116,
      "veto_rate": 0.5433070866141733,
      "baseline_pnl": -6838.86619858803,
      "gated_pnl": -1839.2980850943254,
      "delta": 4999.568113493704,
      "baseline_wr": NaN,
      "gated_wr": 0.3620689655172414,
      "baseline_dd": NaN,
      "gated_dd": 2135.2010705878665,
      "vetoed_pnl_avoided": -4999.568113493704,
      "vetoed_wr": NaN
    },
    "threshold": 0.275,
    "n_trades": 317
  },
  "RegimeAdaptive": {
    "in_sample": {
      "n_total": 612,
      "n_vetoed": 65,
      "n_kept": 547,
      "veto_rate": 0.10620915032679738,
      "baseline_pnl": -1328.8900000000006,
      "gated_pnl": 6654.230000000001,
      "delta": 7983.120000000002,
      "baseline_wr": 0.3660130718954248,
      "gated_wr": 0.40950639853747717,
      "baseline_dd": 3734.2600000000048,
      "gated_dd": 2172.7599999999857,
      "vetoed_pnl_avoided": -7983.120000000002,
      "vetoed_wr": 0.0
    },
    "temporal_oos": {
      "n_total": 92,
      "n_vetoed": 1,
      "n_kept": 91,
      "veto_rate": 0.010869565217391304,
      "baseline_pnl": 818.1100000000002,
      "gated_pnl": 903.0700000000002,
      "delta": 84.95999999999992,
      "baseline_wr": 0.42391304347826086,
      "gated_wr": 0.42857142857142855,
      "baseline_dd": 820.9,
      "gated_dd": 820.9,
      "vetoed_pnl_avoided": -84.96,
      "vetoed_wr": 0.0
    },
    "walk_forward": {
      "n_total": 490,
      "n_vetoed": 33,
      "n_kept": 457,
      "veto_rate": 0.0673469387755102,
      "baseline_pnl": -1009.1900000000004,
      "gated_pnl": -1013.8199999999996,
      "delta": -4.6299999999992,
      "baseline_wr": NaN,
      "gated_wr": 0.3479212253829322,
      "baseline_dd": NaN,
      "gated_dd": 3604.990000000006,
      "vetoed_pnl_avoided": 4.6299999999992,
      "vetoed_wr": NaN
    },
    "threshold": 0.475,
    "n_trades": 612
  }
}