{
  "DynamicEngine3": {
    "in_sample": {
      "n_total": 4827,
      "n_vetoed": 622,
      "n_kept": 4205,
      "veto_rate": 0.12885850424694428,
      "baseline_pnl": 11917.289999999966,
      "gated_pnl": 33102.55999999997,
      "delta": 21185.270000000004,
      "baseline_wr": 0.5235135695048685,
      "gated_wr": 0.5469678953626635,
      "baseline_dd": 4927.980000000001,
      "gated_dd": 2368.409999999989,
      "vetoed_pnl_avoided": -21185.270000000004,
      "vetoed_wr": 0.364951768488746
    },
    "temporal_oos": {
      "n_total": 725,
      "n_vetoed": 48,
      "n_kept": 677,
      "veto_rate": 0.06620689655172414,
      "baseline_pnl": -367.4900000000032,
      "gated_pnl": -303.3800000000018,
      "delta": 64.11000000000138,
      "baseline_wr": 0.5379310344827586,
      "gated_wr": 0.5406203840472673,
      "baseline_dd": 4207.130000000001,
      "gated_dd": 3594.8900000000044,
      "vetoed_pnl_avoided": -64.11000000000007,
      "vetoed_wr": 0.5
    },
    "walk_forward": {
      "n_total": 3862,
      "n_vetoed": 290,
      "n_kept": 3572,
      "veto_rate": 0.07509062661833248,
      "baseline_pnl": 10419.509999999958,
      "gated_pnl": 10000.699999999963,
      "delta": -418.80999999999585,
      "baseline_wr": NaN,
      "gated_wr": 0.5271556550951848,
      "baseline_dd": NaN,
      "gated_dd": 4991.909999999967,
      "vetoed_pnl_avoided": 418.80999999999585,
      "vetoed_wr": NaN
    },
    "threshold": 0.35,
    "n_trades": 4827
  },
  "AetherFlow": {
    "in_sample": {
      "n_total": 297,
      "n_vetoed": 172,
      "n_kept": 125,
      "veto_rate": 0.5791245791245792,
      "baseline_pnl": -4709.017526520934,
      "gated_pnl": 7693.278569508651,
      "delta": 12402.296096029586,
      "baseline_wr": 0.36363636363636365,
      "gated_wr": 0.576,
      "baseline_dd": 6633.29290167135,
      "gated_dd": 533.3365056829962,
      "vetoed_pnl_avoided": -12402.296096029586,
      "vetoed_wr": 0.20930232558139536
    },
    "temporal_oos": {
      "n_total": 45,
      "n_vetoed": 22,
      "n_kept": 23,
      "veto_rate": 0.4888888888888889,
      "baseline_pnl": -216.7796043458629,
      "gated_pnl": -152.4620265497056,
      "delta": 64.31757779615731,
      "baseline_wr": 0.3333333333333333,
      "gated_wr": 0.30434782608695654,
      "baseline_dd": 1325.0082931194383,
      "gated_dd": 652.6833779987455,
      "vetoed_pnl_avoided": -64.31757779615742,
      "vetoed_wr": 0.36363636363636365
    },
    "walk_forward": {
      "n_total": 238,
      "n_vetoed": 123,
      "n_kept": 115,
      "veto_rate": 0.5168067226890757,
      "baseline_pnl": -6172.792569909976,
      "gated_pnl": -1756.7435346146988,
      "delta": 4416.0490352952775,
      "baseline_wr": NaN,
      "gated_wr": 0.3565217391304348,
      "baseline_dd": NaN,
      "gated_dd": 2014.0858141330054,
      "vetoed_pnl_avoided": -4416.0490352952775,
      "vetoed_wr": NaN
    },
    "threshold": 0.275,
    "n_trades": 297
  },
  "RegimeAdaptive": {
    "in_sample": {
      "n_total": 612,
      "n_vetoed": 57,
      "n_kept": 555,
      "veto_rate": 0.09313725490196079,
      "baseline_pnl": -1328.8900000000006,
      "gated_pnl": 5685.83,
      "delta": 7014.72,
      "baseline_wr": 0.3660130718954248,
      "gated_wr": 0.4036036036036036,
      "baseline_dd": 3734.2600000000048,
      "gated_dd": 2066.559999999989,
      "vetoed_pnl_avoided": -7014.720000000001,
      "vetoed_wr": 0.0
    },
    "temporal_oos": {
      "n_total": 92,
      "n_vetoed": 3,
      "n_kept": 89,
      "veto_rate": 0.03260869565217391,
      "baseline_pnl": 818.1100000000002,
      "gated_pnl": 615.47,
      "delta": -202.6400000000002,
      "baseline_wr": 0.42391304347826086,
      "gated_wr": 0.4157303370786517,
      "baseline_dd": 820.9,
      "gated_dd": 767.03,
      "vetoed_pnl_avoided": 202.64000000000004,
      "vetoed_wr": 0.6666666666666666
    },
    "walk_forward": {
      "n_total": 490,
      "n_vetoed": 51,
      "n_kept": 439,
      "veto_rate": 0.10408163265306122,
      "baseline_pnl": -1009.1900000000004,
      "gated_pnl": -775.3599999999994,
      "delta": 233.83000000000095,
      "baseline_wr": NaN,
      "gated_wr": 0.3439635535307517,
      "baseline_dd": NaN,
      "gated_dd": 3401.2900000000063,
      "vetoed_pnl_avoided": -233.83000000000095,
      "vetoed_wr": NaN
    },
    "threshold": 0.475,
    "n_trades": 612
  }
}