{
  "version": "aetherflow_v1",
  "trained_at": "2026-03-21T03:44:07.374746+00:00",
  "model_type": "hgb",
  "workers": 6,
  "calibrated": false,
  "input": "es_master_outrights.parquet",
  "base_features": "manifold_strategy_features_clean_full_robust.parquet",
  "rows": 333166,
  "feature_rows": 333166,
  "candidate_coverage": 1.0,
  "setup_mix_all": {
    "exhaustion_reversal": 164972,
    "aligned_flow": 80180,
    "transition_burst": 60611,
    "compression_release": 27403
  },
  "setup_mix_train": {
    "exhaustion_reversal": 114915,
    "aligned_flow": 54351,
    "transition_burst": 45198,
    "compression_release": 18752
  },
  "setup_mix_val": {
    "exhaustion_reversal": 24929,
    "aligned_flow": 13432,
    "transition_burst": 7539,
    "compression_release": 4074
  },
  "setup_mix_test": {
    "exhaustion_reversal": 25128,
    "aligned_flow": 12397,
    "transition_burst": 7874,
    "compression_release": 4577
  },
  "train_rows": 233216,
  "val_rows": 49974,
  "test_rows": 49976,
  "train_positive_rate": 0.4015590697036224,
  "val_positive_rate": 0.404230199703846,
  "test_positive_rate": 0.39478949895950055,
  "threshold": 0.51,
  "validation": {
    "threshold": 0.51,
    "score": 0.1951473709732945,
    "coverage": 0.23746348101012527,
    "mean_fold_avg_pnl": 0.04417610690598327,
    "worst_fold_avg_pnl": -0.026256491487010314,
    "fold_std_avg_pnl": 0.07247077769914297,
    "positive_folds": 2,
    "evaluated_folds": 4,
    "trade_count": 11867,
    "avg_pnl": 0.04846101136049673,
    "total_pnl": 575.0868218150147,
    "win_rate": 0.4400438189938485,
    "long_share": 0.5915564169545799,
    "short_share": 0.40844358304542006
  },
  "test": {
    "trade_count": 9501,
    "avg_pnl": -0.0036265396822653803,
    "total_pnl": -34.45575352120338,
    "win_rate": 0.4221660877802337,
    "long_share": 0.6007788653825913,
    "short_share": 0.3992211346174087,
    "accuracy": 0.5360172882983832,
    "precision": 0.42331914138726273,
    "recall": 0.4837810440952864,
    "f1": 0.4515350773451913,
    "roc_auc": 0.5405477483687655
  },
  "artifacts": {
    "model_file": "model_aetherflow_v1.pkl",
    "thresholds_file": "aetherflow_thresholds_v1.json",
    "metrics_file": "aetherflow_metrics_v1.json",
    "features_parquet": "aetherflow_features_v1.parquet"
  }
}