{
  "strategies": [
    {
      "TF": "15min",
      "Session": "06-09",
      "Type": "Short_Mom",
      "Thresh": 4.0,
      "Best_SL": 10.0,
      "Best_TP": 25.0,
      "Opt_WR": 0.48444444444444446,
      "Trades": 225,
      "Avg_PnL": 1.48,
      "Score": -2.4635976923754446,
      "Recent": {
        "trades": 61,
        "wins": 28,
        "win_rate": 0.45901639344262296,
        "avg_pnl": 2.459016393442623,
        "profit_factor": 1.6486486486486487
      },
      "Selected_by": "plateau",
      "plateau_cluster_score": 1.096127742996269,
      "plateau_neighbors": 4,
      "Train": {
        "trades": 225,
        "wins": 109,
        "win_rate": 0.48444444444444446,
        "avg_pnl": 1.48,
        "profit_factor": 1.3790552077404667,
        "total_pnl": 333.0,
        "score_train": 1.096127742996269
      },
      "OOS": {
        "trades": 61,
        "wins": 28,
        "win_rate": 0.45901639344262296,
        "avg_pnl": 2.459016393442623,
        "profit_factor": 1.6486486486486487,
        "total_pnl": 150.0,
        "gross_win": 381.25,
        "gross_loss": 231.25,
        "stability_score": -2.4635976923754446,
        "mean_oos_avg_pnl": 0.3064916405433646,
        "std_oos_avg_pnl": 3.869818738146561,
        "max_drawdown": 37.75,
        "max_oos_drawdown_norm": 0.20405405405405405,
        "sharpe_like": 1.5371666563331392,
        "count_positive_blocks": 3,
        "count_total_blocks": 5,
        "count_stop_like": 18,
        "count_take_like": 10,
        "stop_like_share": 0.29508196721311475,
        "take_like_share": 0.16393442622950818,
        "loss_share": 0.5081967213114754,
        "pnl_p10": -10.0,
        "pnl_p05": -10.0,
        "pnl_p01": -10.0,
        "stability_penalty": 0.0
      },
      "oos_blocks_stats": {
        "blocks": [
          {
            "block": "2025Q1",
            "trades": 11,
            "wins": 4,
            "win_rate": 0.36363636363636365,
            "avg_pnl": -1.6363636363636365,
            "total_pnl": -18.0,
            "profit_factor": 0.6842105263157895
          },
          {
            "block": "2025Q2",
            "trades": 29,
            "wins": 15,
            "win_rate": 0.5172413793103449,
            "avg_pnl": 5.689655172413793,
            "total_pnl": 165.0,
            "profit_factor": 2.8282548476454292
          },
          {
            "block": "2025Q3",
            "trades": 4,
            "wins": 3,
            "win_rate": 0.75,
            "avg_pnl": 2.9375,
            "total_pnl": 11.75,
            "profit_factor": 2.566666666666667
          },
          {
            "block": "2025Q4",
            "trades": 15,
            "wins": 6,
            "win_rate": 0.4,
            "avg_pnl": 0.16666666666666666,
            "total_pnl": 2.5,
            "profit_factor": 1.0383141762452108
          },
          {
            "block": "2026Q1",
            "trades": 2,
            "wins": 0,
            "win_rate": 0.0,
            "avg_pnl": -5.625,
            "total_pnl": -11.25,
            "profit_factor": 0.0
          }
        ],
        "mean_avg_pnl": 0.3064916405433646,
        "std_avg_pnl": 3.869818738146561,
        "positive_blocks": 3,
        "max_drawdown": 37.75,
        "max_drawdown_norm": 0.20405405405405405,
        "sharpe_like": 1.5371666563331392
      },
      "strategy_id": "15min_06-09_Short_Mom_BearReject_T4_SL10_TP25",
      "FamilyTag": "BearReject",
      "TriggerCandleSide": "red",
      "TriggerMaxClosePos1": 0.35,
      "TriggerMinUpperWickRatio": 0.18,
      "TriggerMaxLowerWickRatio": 0.15,
      "TriggerMinBodyThreshRatio": 0.9,
      "diversity_task_rank": 1,
      "StructuralScore": -2.7851612313836793,
      "StructuralPass": false,
      "ProfitableBlockRatio": 0.6,
      "WorstBlockAvgPnL": -5.625,
      "WorstBlockPF": 0.0,
      "BlockAvgPnLStd": 3.869818738146561,
      "TailP10Scaled": 1.0,
      "StructuralPenalty": 4.149508935164674,
      "StructuralComponents": {
        "avg_term": 1.2295081967213115,
        "pf_term": 1.2972972972972974,
        "wr_term": -0.4098360655737704,
        "trade_confidence": 0.4566491309255002,
        "profitable_block_ratio_term": 0.3999999999999999,
        "worst_block_avg_pnl_term": -2.0,
        "worst_block_pf_term": -2.0,
        "drawdown_term": 0.3400900900900901,
        "stop_like_term": 0.7377049180327868,
        "loss_term": 1.0163934426229508,
        "tail_term": 1.0,
        "block_std_term": 2.0,
        "sharpe_term": 0.7685833281665696
      },
      "StructuralTrustReason": "hard:worst_block_avg_pnl<-0.25;worst_block_pf<0.90|soft:oos_trades<80",
      "structural_score": -2.7851612313836793,
      "structural_pass": false,
      "profitable_block_ratio": 0.6,
      "worst_block_avg_pnl": -5.625,
      "worst_block_pf": 0.0,
      "block_avg_pnl_std": 3.869818738146561,
      "tail_p10_scaled": 1.0,
      "structural_penalty": 4.149508935164674
    }
  ]
}