{
  "generated_at": "2026-03-03T08:12:59.974562-05:00",
  "total_candidates_considered": 68,
  "kept_strategies": 61,
  "distributions": {
    "oos_avg_pnl": {
      "count": 61,
      "mean": 0.6356276046016371,
      "median": 0.495752427184466,
      "p25": 0.25755287009063443,
      "p75": 0.8758680555555556
    },
    "oos_profit_factor": {
      "count": 61,
      "mean": 1.2068270142731055,
      "median": 1.160088691796009,
      "p25": 1.0708733424782808,
      "p75": 1.263157894736842
    },
    "oos_sharpe_like": {
      "count": 61,
      "mean": 1.1860740573899515,
      "median": 1.0487726975517349,
      "p25": 0.6242502685469508,
      "p75": 1.7063631507741075
    },
    "stability_score": {
      "count": 61,
      "mean": -0.7527398909458677,
      "median": -0.7648723309070247,
      "p25": -1.1906525702494606,
      "p75": -0.2416601011258185
    }
  },
  "top_strategies_by_stability": [
    {
      "TF": "15min",
      "Session": "03-06",
      "Type": "Long_Rev",
      "Thresh": 5.0,
      "Best_SL": 10.0,
      "Best_TP": 12.5,
      "Score": 1.5177504372638813,
      "OOS": {
        "trades": 102,
        "wins": 61,
        "win_rate": 0.5980392156862745,
        "avg_pnl": 1.9754901960784315,
        "profit_factor": 1.7654320987654322,
        "total_pnl": 201.5,
        "stability_score": 1.5177504372638813,
        "mean_oos_avg_pnl": 1.840075433825434,
        "std_oos_avg_pnl": 0.2745738180402807,
        "max_oos_drawdown_norm": 0.12295973884657237,
        "sharpe_like": 2.4573739535042822
      }
    },
    {
      "TF": "5min",
      "Session": "09-12",
      "Type": "Long_Rev",
      "Thresh": 6.0,
      "Best_SL": 10.0,
      "Best_TP": 25.0,
      "Score": 0.9387710848847506,
      "OOS": {
        "trades": 230,
        "wins": 105,
        "win_rate": 0.45652173913043476,
        "avg_pnl": 2.3304347826086955,
        "profit_factor": 1.4664926022628373,
        "total_pnl": 536.0,
        "stability_score": 0.9387710848847506,
        "mean_oos_avg_pnl": 2.491344975490196,
        "std_oos_avg_pnl": 1.53743158075427,
        "max_oos_drawdown_norm": 0.1840277777777778,
        "sharpe_like": 2.5315812279415586
      }
    },
    {
      "TF": "5min",
      "Session": "21-24",
      "Type": "Long_Rev",
      "Thresh": 2.0,
      "Best_SL": 10.0,
      "Best_TP": 12.5,
      "Score": 0.72299336486215,
      "OOS": {
        "trades": 198,
        "wins": 127,
        "win_rate": 0.6414141414141414,
        "avg_pnl": 2.2866161616161618,
        "profit_factor": 2.361654135338346,
        "total_pnl": 452.75,
        "stability_score": 0.72299336486215,
        "mean_oos_avg_pnl": 1.7358116857854253,
        "std_oos_avg_pnl": 0.9880876108565476,
        "max_oos_drawdown_norm": 0.14827018121911037,
        "sharpe_like": 4.836772592985763
      }
    },
    {
      "TF": "15min",
      "Session": "09-12",
      "Type": "Long_Mom",
      "Thresh": 5.0,
      "Best_SL": 10.0,
      "Best_TP": 12.5,
      "Score": 0.4434839274568819,
      "OOS": {
        "trades": 383,
        "wins": 195,
        "win_rate": 0.5091383812010444,
        "avg_pnl": 0.9843342036553525,
        "profit_factor": 1.2573818057689026,
        "total_pnl": 377.0,
        "stability_score": 0.4434839274568819,
        "mean_oos_avg_pnl": 0.9711206896551723,
        "std_oos_avg_pnl": 0.4454655976356274,
        "max_oos_drawdown_norm": 0.2088888888888889,
        "sharpe_like": 2.029026304452129
      }
    },
    {
      "TF": "5min",
      "Session": "09-12",
      "Type": "Long_Rev",
      "Thresh": 7.0,
      "Best_SL": 10.0,
      "Best_TP": 12.5,
      "Score": 0.3610116154399642,
      "OOS": {
        "trades": 167,
        "wins": 89,
        "win_rate": 0.5329341317365269,
        "avg_pnl": 1.4625748502994012,
        "profit_factor": 1.3325391422736554,
        "total_pnl": 244.25,
        "stability_score": 0.3610116154399642,
        "mean_oos_avg_pnl": 2.2285685483870967,
        "std_oos_avg_pnl": 1.763688371383876,
        "max_oos_drawdown_norm": 0.3841059602649007,
        "sharpe_like": 1.7862903451243415
      }
    },
    {
      "TF": "15min",
      "Session": "12-15",
      "Type": "Long_Rev",
      "Thresh": 3.0,
      "Best_SL": 10.0,
      "Best_TP": 12.5,
      "Score": 0.17278109121112925,
      "OOS": {
        "trades": 559,
        "wins": 306,
        "win_rate": 0.5474060822898033,
        "avg_pnl": 0.8671735241502684,
        "profit_factor": 1.2245252431681335,
        "total_pnl": 484.75,
        "stability_score": 0.17278109121112925,
        "mean_oos_avg_pnl": 0.8978317107667781,
        "std_oos_avg_pnl": 0.6088390276300656,
        "max_oos_drawdown_norm": 0.2933070866141732,
        "sharpe_like": 2.1757348951133895
      }
    },
    {
      "TF": "15min",
      "Session": "09-12",
      "Type": "Long_Mom",
      "Thresh": 6.0,
      "Best_SL": 10.0,
      "Best_TP": 12.5,
      "Score": 0.09147541266425477,
      "OOS": {
        "trades": 288,
        "wins": 144,
        "win_rate": 0.5,
        "avg_pnl": 0.8758680555555556,
        "profit_factor": 1.2193001521408389,
        "total_pnl": 252.25,
        "stability_score": 0.09147541266425477,
        "mean_oos_avg_pnl": 0.7766360996066035,
        "std_oos_avg_pnl": 0.572348439428776,
        "max_oos_drawdown_norm": 0.2828593389700231,
        "sharpe_like": 1.537723893243499
      }
    },
    {
      "TF": "5min",
      "Session": "18-21",
      "Type": "Long_Rev",
      "Thresh": 2.0,
      "Best_SL": 10.0,
      "Best_TP": 12.5,
      "Score": 0.09051334786092047,
      "OOS": {
        "trades": 369,
        "wins": 217,
        "win_rate": 0.5880758807588076,
        "avg_pnl": 0.9566395663956639,
        "profit_factor": 1.391135734072022,
        "total_pnl": 353.0,
        "stability_score": 0.09051334786092047,
        "mean_oos_avg_pnl": 0.7365031581321904,
        "std_oos_avg_pnl": 0.5062901536477062,
        "max_oos_drawdown_norm": 0.330028328611898,
        "sharpe_like": 2.579285211429007
      }
    },
    {
      "TF": "5min",
      "Session": "12-15",
      "Type": "Short_Rev",
      "Thresh": 6.0,
      "Best_SL": 8.0,
      "Best_TP": 12.0,
      "Score": 0.07709455771461737,
      "OOS": {
        "trades": 122,
        "wins": 62,
        "win_rate": 0.5081967213114754,
        "avg_pnl": 1.735655737704918,
        "profit_factor": 1.5044669446098868,
        "total_pnl": 211.75,
        "stability_score": 0.07709455771461737,
        "mean_oos_avg_pnl": 1.8476952371105595,
        "std_oos_avg_pnl": 1.7009256897060454,
        "max_oos_drawdown_norm": 0.3094425483503982,
        "sharpe_like": 2.090825278767821
      }
    },
    {
      "TF": "15min",
      "Session": "06-09",
      "Type": "Long_Rev",
      "Thresh": 3.0,
      "Best_SL": 10.0,
      "Best_TP": 12.5,
      "Score": 0.031090840143369353,
      "OOS": {
        "trades": 301,
        "wins": 153,
        "win_rate": 0.5083056478405316,
        "avg_pnl": 0.6901993355481728,
        "profit_factor": 1.2417102966841187,
        "total_pnl": 207.75,
        "stability_score": 0.031090840143369353,
        "mean_oos_avg_pnl": 0.6559294170822034,
        "std_oos_avg_pnl": 0.5037651523114142,
        "max_oos_drawdown_norm": 0.2925233644859813,
        "sharpe_like": 1.546376991808249
      }
    },
    {
      "TF": "15min",
      "Session": "03-06",
      "Type": "Long_Rev",
      "Thresh": 4.0,
      "Best_SL": 10.0,
      "Best_TP": 12.5,
      "Score": 0.013777520518998998,
      "OOS": {
        "trades": 180,
        "wins": 105,
        "win_rate": 0.5833333333333334,
        "avg_pnl": 1.2875,
        "profit_factor": 1.4878947368421052,
        "total_pnl": 231.75,
        "stability_score": 0.013777520518998998,
        "mean_oos_avg_pnl": 0.9454950142450143,
        "std_oos_avg_pnl": 0.8347598332127392,
        "max_oos_drawdown_norm": 0.2773913043478261,