{
  "generated_at": "2026-03-04T18:40:01.385076-05:00",
  "total_candidates_considered": 93,
  "kept_strategies": 63,
  "distributions": {
    "oos_avg_pnl": {
      "count": 63,
      "mean": 0.8969974245515315,
      "median": 0.8136867088607594,
      "p25": 0.49357045913676534,
      "p75": 1.0769952480370937
    },
    "oos_profit_factor": {
      "count": 63,
      "mean": 1.2980127202121643,
      "median": 1.258125235286736,
      "p25": 1.1486227236227733,
      "p75": 1.3641605229259737
    },
    "oos_sharpe_like": {
      "count": 63,
      "mean": 1.601330007918853,
      "median": 1.546376991808249,
      "p25": 0.9423176994931247,
      "p75": 2.133280086940605
    },
    "stability_score": {
      "count": 63,
      "mean": -0.3708551818930887,
      "median": -0.36970230088829636,
      "p25": -0.778630548899335,
      "p75": 0.09099438026258762
    }
  },
  "top_strategies_by_stability": [
    {
      "TF": "15min",
      "Session": "03-06",
      "Type": "Long_Rev",
      "Thresh": 5.0,
      "Best_SL": 10.0,
      "Best_TP": 12.5,
      "Score": 1.5177504372638813,
      "OOS": {
        "trades": 102,
        "wins": 61,
        "win_rate": 0.5980392156862745,
        "avg_pnl": 1.9754901960784315,
        "profit_factor": 1.7654320987654322,
        "total_pnl": 201.5,
        "stability_score": 1.5177504372638813,
        "mean_oos_avg_pnl": 1.840075433825434,
        "std_oos_avg_pnl": 0.2745738180402807,
        "max_oos_drawdown_norm": 0.12295973884657237,
        "sharpe_like": 2.4573739535042822
      }
    },
    {
      "TF": "5min",
      "Session": "09-12",
      "Type": "Long_Rev",
      "Thresh": 7.0,
      "Best_SL": 10.0,
      "Best_TP": 25.0,
      "Score": 1.3618034902206928,
      "OOS": {
        "trades": 167,
        "wins": 76,
        "win_rate": 0.4550898203592814,
        "avg_pnl": 2.4535928143712575,
        "profit_factor": 1.4800820152314,
        "total_pnl": 409.75,
        "stability_score": 1.3618034902206928,
        "mean_oos_avg_pnl": 3.1566733870967743,
        "std_oos_avg_pnl": 1.7799192209005417,
        "max_oos_drawdown_norm": 0.20789327404113397,
        "sharpe_like": 2.218121434214498
      }
    },
    {
      "TF": "5min",
      "Session": "09-12",
      "Type": "Long_Rev",
      "Thresh": 6.0,
      "Best_SL": 10.0,
      "Best_TP": 25.0,
      "Score": 0.9387710848847506,
      "OOS": {
        "trades": 230,
        "wins": 105,
        "win_rate": 0.45652173913043476,
        "avg_pnl": 2.3304347826086955,
        "profit_factor": 1.4664926022628373,
        "total_pnl": 536.0,
        "stability_score": 0.9387710848847506,
        "mean_oos_avg_pnl": 2.491344975490196,
        "std_oos_avg_pnl": 1.53743158075427,
        "max_oos_drawdown_norm": 0.1840277777777778,
        "sharpe_like": 2.5315812279415586
      }
    },
    {
      "TF": "15min",
      "Session": "03-06",
      "Type": "Long_Rev",
      "Thresh": 5.0,
      "Best_SL": 10.0,
      "Best_TP": 25.0,
      "Score": 0.8026018944070673,
      "OOS": {
        "trades": 102,
        "wins": 58,
        "win_rate": 0.5686274509803921,
        "avg_pnl": 1.7058823529411764,
        "profit_factor": 1.6115992970123023,
        "total_pnl": 174.0,
        "stability_score": 0.8026018944070673,
        "mean_oos_avg_pnl": 1.4241695804195804,
        "std_oos_avg_pnl": 0.57621268360435,
        "max_oos_drawdown_norm": 0.14833127317676142,
        "sharpe_like": 1.8917456571792333
      }
    },
    {
      "TF": "5min",
      "Session": "21-24",
      "Type": "Long_Rev",
      "Thresh": 2.0,
      "Best_SL": 10.0,
      "Best_TP": 12.5,
      "Score": 0.72299336486215,
      "OOS": {
        "trades": 198,
        "wins": 127,
        "win_rate": 0.6414141414141414,
        "avg_pnl": 2.2866161616161618,
        "profit_factor": 2.361654135338346,
        "total_pnl": 452.75,
        "stability_score": 0.72299336486215,
        "mean_oos_avg_pnl": 1.7358116857854253,
        "std_oos_avg_pnl": 0.9880876108565476,
        "max_oos_drawdown_norm": 0.14827018121911037,
        "sharpe_like": 4.836772592985763
      }
    },
    {
      "TF": "5min",
      "Session": "09-12",
      "Type": "Long_Rev",
      "Thresh": 4.0,
      "Best_SL": 10.0,
      "Best_TP": 25.0,
      "Score": 0.5342352175773609,
      "OOS": {
        "trades": 539,
        "wins": 239,
        "win_rate": 0.44341372912801486,
        "avg_pnl": 1.2778293135435992,
        "profit_factor": 1.2568764568764568,
        "total_pnl": 688.75,
        "stability_score": 0.5342352175773609,
        "mean_oos_avg_pnl": 1.4211809129355037,
        "std_oos_avg_pnl": 0.7324980209394777,
        "max_oos_drawdown_norm": 0.3821451509312781,
        "sharpe_like": 2.287160693071771
      }
    },
    {
      "TF": "15min",
      "Session": "12-15",
      "Type": "Long_Rev",
      "Thresh": 3.0,
      "Best_SL": 10.0,
      "Best_TP": 25.0,
      "Score": 0.4816199001828218,
      "OOS": {
        "trades": 559,
        "wins": 284,
        "win_rate": 0.5080500894454383,
        "avg_pnl": 1.1346153846153846,
        "profit_factor": 1.2746265425416756,
        "total_pnl": 634.25,
        "stability_score": 0.4816199001828218,
        "mean_oos_avg_pnl": 1.1744792071700754,
        "std_oos_avg_pnl": 0.5339020649447803,
        "max_oos_drawdown_norm": 0.3713046905794245,
        "sharpe_like": 2.367928818125471
      }
    },
    {
      "TF": "5min",
      "Session": "21-24",
      "Type": "Long_Rev",
      "Thresh": 2.0,
      "Best_SL": 8.0,
      "Best_TP": 10.0,
      "Score": 0.45420751983921265,
      "OOS": {
        "trades": 198,
        "wins": 123,
        "win_rate": 0.6212121212121212,
        "avg_pnl": 1.9292929292929293,
        "profit_factor": 2.082152974504249,
        "total_pnl": 382.0,
        "stability_score": 0.45420751983921265,
        "mean_oos_avg_pnl": 1.3921533891334312,
        "std_oos_avg_pnl": 0.9142026243036114,
        "max_oos_drawdown_norm": 0.13890675241157557,
        "sharpe_like": 4.352337430957183
      }
    },
    {
      "TF": "15min",
      "Session": "09-12",
      "Type": "Long_Mom",
      "Thresh": 5.0,
      "Best_SL": 10.0,
      "Best_TP": 12.5,
      "Score": 0.4434839274568819,
      "OOS": {
        "trades": 383,
        "wins": 195,
        "win_rate": 0.5091383812010444,
        "avg_pnl": 0.9843342036553525,
        "profit_factor": 1.2573818057689026,
        "total_pnl": 377.0,
        "stability_score": 0.4434839274568819,
        "mean_oos_avg_pnl": 0.9711206896551723,
        "std_oos_avg_pnl": 0.4454655976356274,
        "max_oos_drawdown_norm": 0.2088888888888889,
        "sharpe_like": 2.029026304452129
      }
    },
    {
      "TF": "5min",
      "Session": "09-12",
      "Type": "Long_Rev",
      "Thresh": 7.0,
      "Best_SL": 10.0,
      "Best_TP": 12.5,
      "Score": 0.3610116154399642,
      "OOS": {
        "trades": 167,
        "wins": 89,
        "win_rate": 0.5329341317365269,
        "avg_pnl": 1.4625748502994012,
        "profit_factor": 1.3325391422736554,
        "total_pnl": 244.25,
        "stability_score": 0.3610116154399642,
        "mean_oos_avg_pnl": 2.2285685483870967,
        "std_oos_avg_pnl": 1.763688371383876,
        "max_oos_drawdown_norm": 0.3841059602649007,
        "sharpe_like": 1.7862903451243415
      }
    },
    {
      "TF": "15min",
      "Session": "06-09",
      "Type": "Long_Rev",
      "Thresh": 3.0,
      "Best_SL": 10.0,
      "Best_TP": 25.0,
      "Score": 0.35234900700025945,
      "OOS": {
        "trades": 301,
        "wins": 147,
        "win_rate": 0.4883720930232558,
        "avg_pnl": 0.9925249169435216,
        "profit_factor": 1.324904839586732,
        "total_pnl": 298.75,
        "stability_score": 0.35234900700025945,
        "mean_oos_avg_pnl": 0.9698711775483819,
        "std_oos_avg_pnl": 0.5032690704762783,
        "max_oos_drawdown_norm": 0.27883310719131615,