{
  "enabled": true,
  "trained_at": "2026-02-12T21:40:57.888147+00:00",
  "trials": 320,
  "params": {
    "lambda_t": 0.09584870075802154,
    "lambda_v": 1.1503517698427306,
    "lambda_r": 0.20702567184019233,
    "gamma0": 0.30866086227565037,
    "y_gate": 0.5014994991581088,
    "phi0": 0.09271085523595166,
    "kappa": 0.7988299216547005,
    "direction_gain": 0.7175278911766647,
    "direction_floor": 0.4049006146659774,
    "direction_ceiling": 1.2600001737990272,
    "alpha_min": 0.2964154018135508,
    "alpha_max": 1.89740363778684,
    "prob_floor": 0.01,
    "prob_ceiling": 0.99
  },
  "validation": {
    "threshold": 0.5800000000000001,
    "short_threshold": 0.41999999999999993,
    "score": 0.7946229508196725,
    "trade_count": 122,
    "win_rate": 0.6721311475409836,
    "avg_pnl": 0.7946229508196725,
    "total_pnl": 96.94400000000005,
    "long_share": 0.7131147540983607,
    "short_share": 0.28688524590163933,
    "alpha_mean": 0.42015604691820607,
    "alpha_std": 0.1807007194264542
  }
}