{
  "row_count": 341053,
  "accuracy": 0.5178696566222845,
  "precision": 0.5257616102316804,
  "recall": 0.7094936028384045,
  "f1": 0.6039634484120676,
  "roc_auc": 0.5169751715516655,
  "trade_count": 136,
  "win_rate": 0.5514705882352942,
  "avg_pnl": -0.08733823529411747,
  "total_pnl": -11.877999999999975,
  "long_share": 0.5147058823529411,
  "short_share": 0.4852941176470588,
  "confluence_enabled": true,
  "threshold": 0.5800000000000001,
  "short_threshold": 0.41999999999999993
}