{
  "enabled": true,
  "trained_at": "2026-02-12T23:17:02.401708+00:00",
  "trials": 80,
  "params": {
    "lambda_t": 0.44095604158090396,
    "lambda_v": 0.39690464929605296,
    "lambda_r": 1.0306743458997853,
    "gamma0": 0.9364089367010238,
    "y_gate": 0.7858177122199277,
    "phi0": 1.1910401871731975,
    "kappa": 1.3825901059635757,
    "direction_gain": 0.43913403038733,
    "direction_floor": 0.7535648377411919,
    "direction_ceiling": 1.2652093079652005,
    "alpha_min": 0.05302375227343002,
    "alpha_max": 1.3682610974934626,
    "prob_floor": 0.01,
    "prob_ceiling": 0.99
  },
  "validation": {
    "threshold": 0.52,
    "short_threshold": 0.48,
    "score": 0.14442819843342067,
    "trade_count": 383,
    "win_rate": 0.608355091383812,
    "avg_pnl": 0.14442819843342067,
    "total_pnl": 55.316000000000116,
    "long_share": 0.9869451697127938,
    "short_share": 0.013054830287206266,
    "alpha_mean": 0.43757173364221935,
    "alpha_std": 0.16821897157531127
  }
}