{
  "enabled": true,
  "trained_at": "2026-02-12T07:35:09.730478+00:00",
  "trials": 320,
  "params": {
    "lambda_t": 1.3974496766451463,
    "lambda_v": 1.9976382756368463,
    "lambda_r": 1.1014951226101781,
    "gamma0": 0.7365832121919038,
    "y_gate": 0.597975123908792,
    "phi0": 0.962091094691015,
    "kappa": 0.8191728643548711,
    "direction_gain": 0.8130330717462649,
    "direction_floor": 0.3368944689215957,
    "direction_ceiling": 1.5748336510092027,
    "alpha_min": 0.44387311074530555,
    "alpha_max": 1.7034999090700582,
    "prob_floor": 0.01,
    "prob_ceiling": 0.99
  },
  "validation": {
    "threshold": 0.7100000000000002,
    "short_threshold": 0.2899999999999998,
    "score": 4109.717920642728,
    "trade_count": 12198,
    "win_rate": 0.9978685030332841,
    "avg_pnl": 4109.717920642728,
    "total_pnl": 50130339.195999995,
    "long_share": 0.9905722249549106,
    "short_share": 0.009427775045089359,
    "alpha_mean": 0.44429391304751764,
    "alpha_std": 0.008822785767683583
  }
}