{
  "row_count": 341053,
  "accuracy": 0.5178696566222845,
  "precision": 0.5257616102316804,
  "recall": 0.7094936028384045,
  "f1": 0.6039634484120676,
  "roc_auc": 0.5164840011581352,
  "trade_count": 135,
  "win_rate": 0.6,
  "avg_pnl": 0.3205185185185185,
  "total_pnl": 43.269999999999996,
  "long_share": 0.5555555555555556,
  "short_share": 0.4444444444444444,
  "confluence_enabled": false,
  "threshold": 0.62,
  "short_threshold": 0.38
}