{
  "enabled": true,
  "trained_at": "2026-02-12T09:56:39.313951+00:00",
  "trials": 80,
  "params": {
    "lambda_t": 0.3365250597869005,
    "lambda_v": 0.8121315453097236,
    "lambda_r": 0.06905837944833011,
    "gamma0": 0.8513853649632019,
    "y_gate": 0.7492689266532665,
    "phi0": 0.0714532298740414,
    "kappa": 0.48261109160942195,
    "direction_gain": 0.5651917929567865,
    "direction_floor": 0.7016506006664447,
    "direction_ceiling": 1.5325785725242271,
    "alpha_min": 0.18309690949577906,
    "alpha_max": 1.3140380100081073,
    "prob_floor": 0.01,
    "prob_ceiling": 0.99
  },
  "validation": {
    "threshold": 0.55,
    "short_threshold": 0.44999999999999996,
    "score": 1.5138705035971225,
    "trade_count": 139,
    "win_rate": 0.5323741007194245,
    "avg_pnl": 1.5138705035971225,
    "total_pnl": 210.42800000000003,
    "long_share": 0.9856115107913669,
    "short_share": 0.014388489208633094,
    "alpha_mean": 0.46877560275836916,
    "alpha_std": 0.22581512894895545
  }
}