{
  "row_count": 40291,
  "accuracy": 0.5078305328733465,
  "precision": 0.5074394732749236,
  "recall": 0.9594197216232111,
  "f1": 0.6637957342918178,
  "roc_auc": 0.5163879950341267,
  "trade_count": 110,
  "win_rate": 0.6181818181818182,
  "avg_pnl": 0.5179090909090913,
  "total_pnl": 56.97000000000005,
  "long_share": 0.9818181818181818,
  "short_share": 0.01818181818181818,
  "confluence_enabled": true,
  "threshold": 0.55,
  "short_threshold": 0.44999999999999996
}