{
  "row_count": 509197,
  "accuracy": 0.628475815843377,
  "precision": 0.6242786777313425,
  "recall": 0.6825572801182558,
  "f1": 0.6521185061502052,
  "roc_auc": 0.7057836559304436,
  "trade_count": 10707,
  "win_rate": 0.9945829830951713,
  "avg_pnl": 5880.358883347342,
  "total_pnl": 62961002.563999996,
  "long_share": 0.9919678714859438,
  "short_share": 0.008032128514056224,
  "confluence_enabled": true,
  "threshold": 0.7100000000000002,
  "short_threshold": 0.2899999999999998
}