{
  "row_count": 188621,
  "accuracy": 0.6917151324613908,
  "precision": 0.84070445154189,
  "recall": 0.4857682041871716,
  "f1": 0.6157495820420139,
  "roc_auc": 0.757691477846826,
  "trade_count": 29759,
  "win_rate": 0.9465035787492859,
  "avg_pnl": 1213.9469645485397,
  "total_pnl": 36125847.717999995,
  "long_share": 0.9831311536005914,
  "short_share": 0.016868846399408582
}