{
  "ASIA": {
    "threshold": 0.7500000000000002,
    "avg_pnl": 3.919813522533666,
    "total_pnl": 167952.25,
    "trades": 42847,
    "win_rate": 0.8837491539664387
  },
  "LONDON": {
    "threshold": 0.7500000000000002,
    "avg_pnl": 3.9312096029547554,
    "total_pnl": 106437.5,
    "trades": 27075,
    "win_rate": 0.8767128347183749
  },
  "NY_AM": {
    "threshold": 0.7500000000000002,
    "avg_pnl": 5.821643092423949,
    "total_pnl": 150227.5,
    "trades": 25805,
    "win_rate": 0.89831428017826
  },
  "NY_PM": {
    "threshold": 0.7500000000000002,
    "avg_pnl": 4.499099768747935,
    "total_pnl": 136187.75,
    "trades": 30270,
    "win_rate": 0.892798149983482
  }
}