{
  "ASIA": {
    "samples": 63539,
    "accuracy": 0.7812681974850092,
    "precision": 0.7465606675687867,
    "recall": 0.9897099860474388,
    "f1": 0.8511098731573534,
    "auc": 0.7885138548420053,
    "trade_count": 36190,
    "avg_pnl": 3.6589182094501242,
    "total_pnl": 132416.25,
    "win_rate": 0.8651561204752695
  },
  "LONDON": {
    "samples": 35278,
    "accuracy": 0.7994500822042065,
    "precision": 0.7657924664851639,
    "recall": 0.9876,
    "f1": 0.8626666925480909,
    "auc": 0.7988482565520599,
    "trade_count": 23766,
    "avg_pnl": 3.5774951611545904,
    "total_pnl": 85022.75,
    "win_rate": 0.8555499453000084
  },
  "NY_AM": {
    "samples": 28209,
    "accuracy": 0.8714594632918572,
    "precision": 0.8541133251697651,
    "recall": 0.9385321100917431,
    "f1": 0.8943350040797295,
    "auc": 0.8963351696398018,
    "trade_count": 26028,
    "avg_pnl": 5.060021899492853,
    "total_pnl": 131702.25,
    "win_rate": 0.8902720147533425
  },
  "NY_PM": {
    "samples": 34209,
    "accuracy": 0.8686602940746587,
    "precision": 0.8506321414606595,
    "recall": 0.9488707957739653,
    "f1": 0.8970699411239147,
    "auc": 0.8918847345768959,
    "trade_count": 29767,
    "avg_pnl": 4.088201699868982,
    "total_pnl": 121693.5,
    "win_rate": 0.8934054489871334
  }
}