{
  "regimes": [
    "2011_2014_post_gfc_qe",
    "2015_2016_chop_transition",
    "2017_2019_lowvol_policyvol",
    "2020_2021_crisis_liquidity",
    "2022_2026_rates_ai"
  ],
  "results": [
    {
      "session": "ASIA",
      "split": "ALL",
      "holdout_regime": "2011_2014_post_gfc_qe",
      "metrics": {
        "samples": 82849,
        "accuracy": 0.0,
        "precision": 0.0,
        "recall": 0.0,
        "f1": 0.0,
        "auc": 0.7001858265141762,
        "trade_count": 0,
        "long_trades": 0,
        "short_trades": 0,
        "coverage": 0.0,
        "avg_pnl": 0.0,
        "total_pnl": 0.0,
        "win_rate": 0.0,
        "pos_rate": 0.0,
        "raw_accuracy_05": 0.8270226556747818,
        "raw_precision_05": 0.5,
        "raw_recall_05": 0.00013955760240039075,
        "raw_f1_05": 0.00027903732124171605,
        "raw_pos_rate_05": 4.8280606887228573e-05,
        "proba_min": 0.11754763387293628,
        "proba_median": 0.2682363853229614,
        "proba_max": 0.5101869239162031,
        "proba_mean": 0.28301184953962794,
        "proba_std": 0.05142482633797824,
        "threshold": 1.0,
        "short_threshold": 0.0,
        "val_trades": 0,
        "val_avg_pnl": 0.0
      }
    },
    {
      "session": "ASIA",
      "split": "ALL",
      "holdout_regime": "2015_2016_chop_transition",
      "metrics": {
        "samples": 47336,
        "accuracy": 0.0,
        "precision": 0.0,
        "recall": 0.0,
        "f1": 0.0,
        "auc": 0.6790898948723695,
        "trade_count": 0,
        "long_trades": 0,
        "short_trades": 0,
        "coverage": 0.0,
        "avg_pnl": 0.0,
        "total_pnl": 0.0,
        "win_rate": 0.0,
        "pos_rate": 0.0,
        "raw_accuracy_05": 0.805327868852459,
        "raw_precision_05": 0.5014492753623189,
        "raw_recall_05": 0.018771701388888888,
        "raw_f1_05": 0.03618868319213472,
        "raw_pos_rate_05": 0.007288321784688186,
        "proba_min": 0.08294213472059944,
        "proba_median": 0.21412971585834475,
        "proba_max": 0.5855450804062934,
        "proba_mean": 0.24198999149123115,
        "proba_std": 0.08035784218203754,
        "threshold": 1.0,
        "short_threshold": 0.0,
        "val_trades": 0,
        "val_avg_pnl": 0.0
      }
    },
    {
      "session": "ASIA",
      "split": "ALL",
      "holdout_regime": "2017_2019_lowvol_policyvol",
      "metrics": {
        "samples": 19128,
        "accuracy": 0.0,
        "precision": 0.0,
        "recall": 0.0,
        "f1": 0.0,
        "auc": 0.6258181342639934,
        "trade_count": 0,
        "long_trades": 0,
        "short_trades": 0,
        "coverage": 0.0,
        "avg_pnl": 0.0,
        "total_pnl": 0.0,
        "win_rate": 0.0,
        "pos_rate": 0.0,
        "raw_accuracy_05": 0.7899937264742786,
        "raw_precision_05": 0.5059523809523809,
        "raw_recall_05": 0.021149539686489176,
        "raw_f1_05": 0.04060186290900406,
        "raw_pos_rate_05": 0.00878293601003764,
        "proba_min": 0.010753031648079843,
        "proba_median": 0.11580419298120309,
        "proba_max": 0.754446154613497,
        "proba_mean": 0.16382035383894852,
        "proba_std": 0.11326934371185175,
        "threshold": 1.0,
        "short_threshold": 0.0,
        "val_trades": 0,
        "val_avg_pnl": 0.0
      }
    },
    {
      "session": "LONDON",
      "split": "ALL",
      "holdout_regime": "2011_2014_post_gfc_qe",
      "metrics": {
        "samples": 43225,
        "accuracy": 0.489477503628447,
        "precision": 0.4259882253994954,
        "recall": 0.9601895734597157,
        "f1": 0.590154383920769,
        "auc": 0.6508406884257678,
        "trade_count": 2756,
        "long_trades": 2378,
        "short_trades": 378,
        "coverage": 0.0637593984962406,
        "avg_pnl": 0.34165892597966874,
        "total_pnl": 941.6119999999671,
        "win_rate": 0.489477503628447,
        "pos_rate": 0.862844702467344,
        "raw_accuracy_05": 0.8034008097165992,
        "raw_precision_05": 0.0,
        "raw_recall_05": 0.0,
        "raw_f1_05": 0.0,
        "raw_pos_rate_05": 0.0,
        "proba_min": 0.06830087744888978,
        "proba_median": 0.14861801987272955,
        "proba_max": 0.35278225066264307,
        "proba_mean": 0.15957026818410971,
        "proba_std": 0.03817453698539425,
        "threshold": 0.23570365419621214,
        "short_threshold": 0.1001632971456201,
        "val_trades": 219,
        "val_avg_pnl": 0.3531415525114162
      }
    },
    {
      "session": "LONDON",
      "split": "ALL",
      "holdout_regime": "2015_2016_chop_transition",
      "metrics": {
        "samples": 25499,
        "accuracy": 0.6131687242798354,
        "precision": 0.4084507042253521,
        "recall": 0.8529411764705882,
        "f1": 0.5523809523809524,
        "auc": 0.6515010512597084,
        "trade_count": 243,
        "long_trades": 142,
        "short_trades": 101,
        "coverage": 0.0095297854817836,
        "avg_pnl": 0.8520000000000025,
        "total_pnl": 207.03600000000063,
        "win_rate": 0.6131687242798354,
        "pos_rate": 0.5843621399176955,
        "raw_accuracy_05": 0.7741480058041492,
        "raw_precision_05": 0.0,
        "raw_recall_05": 0.0,
        "raw_f1_05": 0.0,
        "raw_pos_rate_05": 0.0,
        "proba_min": 0.08943618526979054,
        "proba_median": 0.14843099440080565,
        "proba_max": 0.2430598229985332,
        "proba_mean": 0.15403993770626528,
        "proba_std": 0.034318952599621304,
        "threshold": 0.22350251776849436,
        "short_threshold": 0.10033932110619208,
        "val_trades": 103,
        "val_avg_pnl": 0.6723883495145635
      }
    },
    {
      "session": "LONDON",
      "split": "ALL",
      "holdout_regime": "2017_2019_lowvol_policyvol",
      "metrics": {
        "samples": 8074,
        "accuracy": 0.6002317497103129,
        "precision": 0.25333333333333335,
        "recall": 0.59375,
        "f1": 0.35514018691588783,
        "auc": 0.5898618584917936,
        "trade_count": 863,
        "long_trades": 375,
        "short_trades": 488,
        "coverage": 0.10688630170918999,
        "avg_pnl": 0.5643406720741437,
        "total_pnl": 487.0259999999861,
        "win_rate": 0.6002317497103129,
        "pos_rate": 0.43453070683661643,
        "raw_accuracy_05": 0.8434481050284865,
        "raw_precision_05": 0.0,
        "raw_recall_05": 0.0,
        "raw_f1_05": 0.0,
        "raw_pos_rate_05": 0.0,
        "proba_min": 0.04064413554205986,
        "proba_median": 0.1617622593305083,
        "proba_max": 0.4599793048538272,
        "proba_mean": 0.22617391884957294,
        "proba_std": 0.12405807955152108,
        "threshold": 0.4312534197473206,
        "short_threshold": 0.11609765989423021,
        "val_trades": 1078,
        "val_avg_pnl": 0.9320092764378298
      }
    },
    {
      "session": "NY_AM",
      "split": "ALL",
      "holdout_regime": "2011_2014_post_gfc_qe",
      "metrics": {
        "samples": 45997,
        "accuracy": 0.6459717944561517,
        "precision": 0.3746031746031746,
        "recall": 0.5064377682403434,
        "f1": 0.4306569343065693,
        "auc": 0.5789262096296534,
        "trade_count": 6169,
        "long_trades": 2205,
        "short_trades": 3964,
        "coverage": 0.13411744244189838,
        "avg_pnl": 0.9184208137460746,
        "total_pnl": 5665.737999999535,
        "win_rate": 0.6459717944561517,
        "pos_rate": 0.35743232290484683,
        "raw_accuracy_05": 0.7232645607322217,
        "raw_precision_05": 0.0,
        "raw_recall_05": 0.0,
        "raw_f1_05": 0.0,
        "raw_pos_rate_05": 0.0,
        "proba_min": 0.12238809298799969,
        "proba_median": 0.21582645131268274,
        "proba_max": 0.37454559588147385,
        "proba_mean": 0.21742358902253223,
        "proba_std": 0.023630088031654797,
        "threshold": 0.24944041932468825,
        "short_threshold": 0.18974361129534142,
        "val_trades": 673,