{
  "ASIA": {
    "samples": 22427,
    "accuracy": 0.0,
    "precision": 0.0,
    "recall": 0.0,
    "f1": 0.0,
    "auc": 0.6537053839830251,
    "trade_count": 0,
    "long_trades": 0,
    "short_trades": 0,
    "coverage": 0.0,
    "avg_pnl": 0.0,
    "total_pnl": 0.0,
    "win_rate": 0.0,
    "pos_rate": 0.0,
    "raw_accuracy_05": 0.7913229589334284,
    "raw_precision_05": 0.5428571428571428,
    "raw_recall_05": 0.00810926163038839,
    "raw_f1_05": 0.0159798149705635,
    "raw_pos_rate_05": 0.003121237793730771,
    "proba_min": 0.04036162249281,
    "proba_median": 0.13772002504123443,
    "proba_max": 0.5427436441524447,
    "proba_mean": 0.18880721372681922,
    "proba_std": 0.11818025089046193,
    "threshold": 1.0,
    "short_threshold": 0.0,
    "ev_models": {
      "enabled": true,
      "long_model": "model_asia_exp2011_2017_ev_long.joblib",
      "short_model": "model_asia_exp2011_2017_ev_short.joblib",
      "long": {
        "train_samples": 104645,
        "saved_model": "model_asia_exp2011_2017_ev_long.joblib",
        "enabled": true,
        "test_samples": 22427,
        "rmse": 1.4739037492692106,
        "mae": 1.0840333926973287,
        "corr": 0.2673547031553696,
        "sign_accuracy": 0.7908324787086993,
        "pred_mean": -1.197784272236665,
        "real_mean": -1.114457840995229,
        "status": "ok"
      },
      "short": {
        "train_samples": 104645,
        "saved_model": "model_asia_exp2011_2017_ev_short.joblib",
        "enabled": true,
        "test_samples": 22427,
        "rmse": 1.472612719008296,
        "mae": 1.0966871263648086,
        "corr": 0.2688924698925678,
        "sign_accuracy": 0.789851518259241,
        "pred_mean": 1.124025802770319,
        "real_mean": 1.0684578409952292,
        "status": "ok"
      },
      "selection": {
        "samples": 22427,
        "trade_count": 22089,
        "coverage": 0.9849288803674143,
        "long_share": 0.019059260265290416,
        "avg_realized_all": 1.068457840995229,
        "avg_realized_traded": 1.0831218253429309,
        "win_rate_traded": 0.7949658200914482,
        "avg_predicted_traded": 1.148496255197162
      },
      "runtime": {
        "min_ev_points": 1.633744292301664,
        "min_prob_edge": 0.2,
        "max_ev_disagreement_points": 0.25,
        "require_ev_sign_agreement": true,
        "require_threshold_gate": false,
        "use_model_predictions": true,
        "require_trade_gate": true,
        "min_trade_gate_prob": 0.72,
        "max_trade_gate_prob": 0.9,
        "trade_gate_policy": "soft",
        "trade_gate_penalty_points_per_prob": 2.0,
        "trade_gate_penalty_cap_points": 1.0,
        "ev_uncertainty_penalty_points": 0.35,
        "ev_first": true,
        "apply_prob_margin_with_model_ev": false,
        "apply_confidence_gates_with_model_ev": false,
        "high_vol_min_ev_points": 1.7337442923016642
      },
      "runtime_diagnostics": {
        "status": "ok",
        "samples": 22427,
        "target_coverage": 0.03,
        "coverage_min": 0.015,
        "coverage_max": 0.08,
        "selected_mode": "grid",
        "selected_trade_count": 446,
        "selected_coverage": 0.019886743657198912,
        "selected_avg_realized": 1.650206278026906,
        "selected_avg_predicted": 1.6667053108725838,
        "selected_win_rate": 0.9461883408071748,
        "selected_threshold_raw": 1.633744292301664,
        "min_ev_points": 1.633744292301664,
        "max_ev_disagreement_points": 0.25,
        "sign_disagree_rate": 0.0,
        "require_ev_sign_agreement": true,
        "min_prob_edge": 0.2
      }
    },
    "gate": {
      "samples": 28292,
      "coverage": 0.506927753428531,
      "precision": 0.892483614558639,
      "recall": 0.6371329019412643,
      "f1": 0.7434944237918215,
      "auc": 0.8057060922750815
    }
  },
  "LONDON": {
    "samples": 11526,
    "accuracy": 0.8292682926829268,
    "precision": 0.5,
    "recall": 0.625,
    "f1": 0.5555555555555556,
    "auc": 0.6305705584629018,
    "trade_count": 328,
    "long_trades": 70,
    "short_trades": 258,
    "coverage": 0.028457400659378795,
    "avg_pnl": 1.9030670731707175,
    "total_pnl": 624.2059999999954,
    "win_rate": 0.8292682926829268,
    "pos_rate": 0.21341463414634146,
    "raw_accuracy_05": 0.821013361096651,
    "raw_precision_05": 0.5789473684210527,
    "raw_recall_05": 0.005324298160696999,
    "raw_f1_05": 0.010551558752997603,
    "raw_pos_rate_05": 0.001648446989415235,
    "proba_min": 0.028240386469204216,
    "proba_median": 0.16271359476411096,
    "proba_max": 0.5178402160517737,
    "proba_mean": 0.2189062124563744,
    "proba_std": 0.12806654417071456,
    "threshold": 0.4836853387169971,
    "short_threshold": 0.07800042830928693,
    "ev_models": {
      "enabled": true,
      "long_model": "model_london_exp2011_2017_ev_long.joblib",
      "short_model": "model_london_exp2011_2017_ev_short.joblib",
      "long": {
        "train_samples": 53781,
        "saved_model": "model_london_exp2011_2017_ev_long.joblib",
        "enabled": true,
        "test_samples": 11526,
        "rmse": 2.472749179256923,
        "mae": 1.9525108706537972,
        "corr": 0.14875163412898942,
        "sign_accuracy": 0.7228006246746487,
        "pred_mean": -1.0397815898923652,
        "real_mean": -1.5527804962693044,
        "status": "ok"
      },
      "short": {
        "train_samples": 53781,
        "saved_model": "model_london_exp2011_2017_ev_short.joblib",
        "enabled": true,
        "test_samples": 11526,
        "rmse": 2.3496963848871766,
        "mae": 1.7195311390356347,
        "corr": 0.14472605141164419,
        "sign_accuracy": 0.8207530799930591,
        "pred_mean": 2.024921287363994,
        "real_mean": 2.086816935623807,
        "status": "ok"
      },
      "selection": {
        "samples": 11526,
        "trade_count": 11526,
        "coverage": 1.0,
        "long_share": 0.018306437619295506,
        "avg_realized_all": 2.050377581120944,
        "avg_realized_traded": 2.050377581120944,
        "win_rate_traded": 0.8158077390248135,
        "avg_predicted_traded": 2.033018082313427
      },
      "runtime": {
        "min_ev_points": 2.891355573045448,
        "min_prob_edge": 0.2,
        "max_ev_disagreement_points": 0.438665088324062,
        "require_ev_sign_agreement": true,
        "require_threshold_gate": false,
        "use_model_predictions": true,
        "require_trade_gate": true,
        "min_trade_gate_prob": 0.72,
        "max_trade_gate_prob": 0.9,
        "trade_gate_policy": "soft",
        "trade_gate_penalty_points_per_prob": 2.0,
        "trade_gate_penalty_cap_points": 1.0,
        "ev_uncertainty_penalty_points": 0.35,
        "ev_first": true,
        "apply_prob_margin_with_model_ev": false,
        "apply_confidence_gates_with_model_ev": false,
        "high_vol_min_ev_points": 2.991355573045448
      },
      "runtime_diagnostics": {
        "status": "ok",
        "samples": 11526,
        "target_coverage": 0.08,
        "coverage_min": 0.04,
        "coverage_max": 0.2,
        "selected_mode": "grid",
        "selected_trade_count": 571,
        "selected_coverage": 0.04954017005032101,
        "selected_avg_realized": 3.494732049036778,
        "selected_avg_predicted": 3.403255413173717,
        "selected_win_rate": 0.8931698774080561,
        "selected_threshold_raw": 2.891355573045448,
        "min_ev_points": 2.891355573045448,
        "max_ev_disagreement_points": 0.438665088324062,
        "sign_disagree_rate": 0.0,
        "require_ev_sign_agreement": true,
        "min_prob_edge": 0.2
      }
    },
    "gate": {
      "samples": 15752,
      "coverage": 0.27202894870492633,
      "precision": 0.8546091015169195,
      "recall": 0.42991312514674807,
      "f1": 0.5720534249785206,
      "auc": 0.7813184384766233
    }
  },
  "NY_AM": {
    "samples": 11979,
    "accuracy": 0.7222222222222222,
    "precision": 0.47058823529411764,
    "recall": 0.8,