{
  "ASIA": {
    "low": {
      "samples": 43983,
      "accuracy": 0.6488870700043199,
      "precision": 0.6371910553158101,
      "recall": 0.7238935686589116,
      "f1": 0.6777807916205897,
      "auc": 0.7379912163145372,
      "trade_count": 11050,
      "avg_pnl": 3325.7790497737556,
      "total_pnl": 36749858.5,
      "win_rate": 0.9794570135746606,
      "walk_forward": {
        "folds": 2,
        "trade_count": 18674,
        "avg_pnl": 2686.1834234764915,
        "total_pnl": 50161789.25,
        "win_rate": 0.9735996572774981,
        "accuracy": 0.6202701089644118,
        "precision": 0.602085991377334,
        "recall": 0.6741981888349045,
        "f1": 0.636076753671103,
        "auc": 0.6965256376275699,
        "positive_folds": 2,
        "positive_ratio": 1.0,
        "folds_detail": [
          {
            "samples": 58643,
            "accuracy": 0.6032774585201985,
            "precision": 0.5829279923700524,
            "recall": 0.6437750157994523,
            "f1": 0.6118424345562841,
            "auc": 0.6719653911923525,
            "trade_count": 7583,
            "avg_pnl": 1917.6993604114466,
            "total_pnl": 14541914.25,
            "win_rate": 0.952921007516814,
            "threshold": 0.8300000000000002,
            "fold": 1
          },
          {
            "samples": 58643,
            "accuracy": 0.6372627594086251,
            "precision": 0.6212439903846154,
            "recall": 0.7046213618703565,
            "f1": 0.6603110727859218,
            "auc": 0.7210858840627872,
            "trade_count": 11091,
            "avg_pnl": 3211.6017491659904,
            "total_pnl": 35619875.0,
            "win_rate": 0.9877378054278244,
            "threshold": 0.8600000000000002,
            "fold": 2
          }
        ]
      }
    },
    "high": {
      "samples": 1931,
      "accuracy": 0.8845157949249094,
      "precision": 0.9106529209621993,
      "recall": 0.899067005937235,
      "f1": 0.9048228766538625,
      "auc": 0.967650867125043,
      "trade_count": 1245,
      "avg_pnl": 4070.4453815261045,
      "total_pnl": 5067704.5,
      "win_rate": 0.9983935742971888,
      "walk_forward": {
        "folds": 2,
        "trade_count": 1854,
        "avg_pnl": 3178.7024002157495,
        "total_pnl": 5893314.25,
        "win_rate": 0.9805825242718447,
        "accuracy": 0.7483482316362222,
        "precision": 0.7041517876754884,
        "recall": 0.8890443730746542,
        "f1": 0.7721409141323035,
        "auc": 0.8502310778516947,
        "positive_folds": 2,
        "positive_ratio": 1.0,
        "folds_detail": [
          {
            "samples": 2573,
            "accuracy": 0.6622619510299261,
            "precision": 0.5497737556561086,
            "recall": 0.9301435406698565,
            "f1": 0.6910771418414504,
            "auc": 0.7606659735965329,
            "trade_count": 449,
            "avg_pnl": 1545.684855233853,
            "total_pnl": 694012.5,
            "win_rate": 0.9354120267260579,
            "threshold": 0.7900000000000001,
            "fold": 1
          },
          {
            "samples": 2573,
            "accuracy": 0.8344345122425184,
            "precision": 0.8585298196948682,
            "recall": 0.8479452054794521,
            "f1": 0.8532046864231564,
            "auc": 0.9397961821068566,
            "trade_count": 1405,
            "avg_pnl": 3700.570640569395,
            "total_pnl": 5199301.75,
            "win_rate": 0.9950177935943061,
            "threshold": 0.8500000000000002,
            "fold": 2
          }
        ]
      }
    }
  },
  "LONDON": {
    "low": {
      "samples": 72353,
      "accuracy": 0.6724669329537131,
      "precision": 0.6910715215919154,
      "recall": 0.6915037789940057,
      "f1": 0.6912875827210672,
      "auc": 0.7645016356006422,
      "trade_count": 26027,
      "avg_pnl": 3.2980174434241363,
      "total_pnl": 85837.5,
      "win_rate": 0.8257962884696661,
      "walk_forward": {
        "folds": 2,
        "trade_count": 106671,
        "avg_pnl": 2.1227981363257116,
        "total_pnl": 226441.0,
        "win_rate": 0.7109429929409118,
        "accuracy": 0.6339860473312671,
        "precision": 0.7523212496050983,
        "recall": 0.516180916601105,
        "f1": 0.6006005106165135,
        "auc": 0.7631364576043652,
        "positive_folds": 2,
        "positive_ratio": 1.0,
        "folds_detail": [
          {
            "samples": 96469,
            "accuracy": 0.6080917185831718,
            "precision": 0.7950287653046172,
            "recall": 0.400654189975282,
            "f1": 0.5328027878353496,
            "auc": 0.7638148583573541,
            "trade_count": 75010,
            "avg_pnl": 1.5385648580189308,
            "total_pnl": 115407.75,
            "win_rate": 0.6532462338354886,
            "threshold": 0.8000000000000002,
            "fold": 1
          },
          {
            "samples": 96469,
            "accuracy": 0.6598803760793622,
            "precision": 0.7096137339055794,
            "recall": 0.631707643226928,
            "f1": 0.6683982333976776,
            "auc": 0.7624580568513764,
            "trade_count": 31661,
            "avg_pnl": 3.5069407157070214,
            "total_pnl": 111033.25,
            "win_rate": 0.8476358927387007,
            "threshold": 0.7700000000000001,
            "fold": 2
          }
        ]
      }
    },
    "high": {
      "samples": 25617,
      "accuracy": 0.698481477144084,
      "precision": 0.7121420614638622,
      "recall": 0.765406014508064,
      "f1": 0.7378139850644942,
      "auc": 0.7788662489597018,
      "trade_count": 8962,
      "avg_pnl": 3.8636186119169826,
      "total_pnl": 34625.75,
      "win_rate": 0.8801606784199956,
      "walk_forward": {
        "folds": 2,
        "trade_count": 33589,
        "avg_pnl": 3.197735865908482,
        "total_pnl": 107408.75,
        "win_rate": 0.8177379499240823,
        "accuracy": 0.690674864587908,
        "precision": 0.7711316693413934,
        "recall": 0.6541146227090788,
        "f1": 0.703746096845901,
        "auc": 0.7964160151304841,
        "positive_folds": 2,
        "positive_ratio": 1.0,
        "folds_detail": [
          {
            "samples": 34155,
            "accuracy": 0.6873078612209047,
            "precision": 0.8082827561585149,
            "recall": 0.5860730002588662,
            "f1": 0.6794717887154862,
            "auc": 0.8130009269641558,
            "trade_count": 21670,
            "avg_pnl": 2.869843101061375,
            "total_pnl": 62189.5,
            "win_rate": 0.7863405629903092,
            "threshold": 0.8000000000000002,
            "fold": 1
          },
          {
            "samples": 34155,
            "accuracy": 0.6940418679549114,
            "precision": 0.7339805825242719,
            "recall": 0.7221562451592916,
            "f1": 0.7280204049763157,
            "auc": 0.7798311032968124,
            "trade_count": 11919,
            "avg_pnl": 3.7938795200939675,
            "total_pnl": 45219.25,
            "win_rate": 0.8748217132309758,
            "threshold": 0.8000000000000002,
            "fold": 2
          }
        ]
      }
    }
  },
  "NY_AM": {
    "low": {
      "samples": 23625,
      "accuracy": 0.6176084656084656,
      "precision": 0.8227019954203467,
      "recall": 0.22849096029799218,
      "f1": 0.357650739476678,
      "auc": 0.5879939757352355,
      "trade_count": 14297,
      "avg_pnl": 0.7968280058753585,
      "total_pnl": 11392.25,
      "win_rate": 0.5650136392250122,
      "walk_forward": {
        "folds": 2,
        "trade_count": 55978,
        "avg_pnl": 3.0813444567508665,
        "total_pnl": 172487.5,