{
  "meta": {
    "mode": "coarse",
    "include_quarter": true,
    "std_windows": {
      "default": 20,
      "sessions": {
        "NY_AM": 60,
        "NY_PM": 60
      }
    },
    "min_samples": 50,
    "row_count": 5263297,
    "generated_at": "2026-01-29T23:51:49.590197+00:00"
  },
  "thresholds": {
    "Q1_FRI_ASIA": {
      "p10": 0.00012159263463622347,
      "p25": 0.0003275414835795796,
      "median": 0.00127045635735511,
      "p75": 0.0051083257421048744
    },
    "Q1_FRI_CLOSED": {
      "p10": 0.0001053583983337883,
      "p25": 0.00013443500090808732,
      "median": 0.0014110166691182736,
      "p75": 57.524963321481835
    },
    "Q1_FRI_LONDON": {
      "p10": 0.00019350434516697044,
      "p25": 0.0007283790063292905,
      "median": 0.0020694891388964515,
      "p75": 39.02043437730927
    },
    "Q1_FRI_NY_AM": {
      "p10": 0.0017493239590514935,
      "p25": 19.980714880721457,
      "median": 41.99906658173335,
      "p75": 104.85463638237081
    },
    "Q1_FRI_NY_PM": {
      "p10": 0.001646456000699041,
      "p25": 17.41696815147103,
      "median": 38.25145064745439,
      "p75": 104.13682180245925
    },
    "Q1_MON_ASIA": {
      "p10": 0.00011519772815273997,
      "p25": 0.0003284624410020161,
      "median": 0.0012863156551461588,
      "p75": 0.004927760544837706
    },
    "Q1_MON_CLOSED": {
      "p10": 9.769215749840501e-05,
      "p25": 0.00013142344025822132,
      "median": 0.0009493279402866847,
      "p75": 0.0017478835045777502
    },
    "Q1_MON_LONDON": {
      "p10": 0.00017250050668338857,
      "p25": 0.0005650320682758406,
      "median": 0.0017480864287327334,
      "p75": 25.93418992343957
    },
    "Q1_MON_NY_AM": {
      "p10": 0.0010417849321769507,
      "p25": 0.0025446585730193893,
      "median": 35.05330177343518,
      "p75": 91.74014934392761
    },
    "Q1_MON_NY_PM": {
      "p10": 0.0016897445506896713,
      "p25": 19.33088171902481,
      "median": 43.133519012931515,
      "p75": 107.46261260606519
    },
    "Q1_SUN_ASIA": {
      "p10": 0.00013423503434249864,
      "p25": 0.0004421162430158426,
      "median": 0.0015343497887943614,
      "p75": 25.167440724199235
    },
    "Q1_THU_ASIA": {
      "p10": 0.00012276826855885182,
      "p25": 0.0003399140625138805,
      "median": 0.0013788276108708103,
      "p75": 23.35809603043182
    },
    "Q1_THU_CLOSED": {
      "p10": 0.00011907641278612198,
      "p25": 0.0001452861122888006,
      "median": 0.0012292387099151411,
      "p75": 52.40628840687188
    },
    "Q1_THU_LONDON": {
      "p10": 0.0001960673935641884,
      "p25": 0.0007344479984996952,
      "median": 0.0020614272623170134,
      "p75": 38.06577624125927
    },
    "Q1_THU_NY_AM": {
      "p10": 0.0015522374978676901,
      "p25": 14.965143931683567,
      "median": 40.09237111337123,
      "p75": 107.6312383541777
    },
    "Q1_THU_NY_PM": {
      "p10": 0.0018938904070429738,
      "p25": 19.750318199894583,
      "median": 44.98896080842323,
      "p75": 112.59743028066413
    },
    "Q1_TUE_ASIA": {
      "p10": 0.00011735595676417349,
      "p25": 0.00032757511041685413,
      "median": 0.001290405348610074,
      "p75": 0.006610665689186434
    },
    "Q1_TUE_CLOSED": {
      "p10": 0.00010917646682189714,
      "p25": 0.0001302597580618615,
      "median": 0.0008114407567092599,
      "p75": 0.001990347990070621
    },
    "Q1_TUE_LONDON": {
      "p10": 0.00018570931279087149,
      "p25": 0.0007379562631391766,
      "median": 0.0019215722986328032,
      "p75": 29.85369716656659
    },
    "Q1_TUE_NY_AM": {
      "p10": 0.0014426352381519143,
      "p25": 0.0036378820549178613,
      "median": 37.064390076463845,
      "p75": 103.54116106119665
    },
    "Q1_TUE_NY_PM": {
      "p10": 0.0017025215841075406,
      "p25": 13.888535196137198,
      "median": 39.75609709879132,
      "p75": 110.54432515484973
    },
    "Q1_WED_ASIA": {
      "p10": 0.000126920388305419,
      "p25": 0.0003669959825737446,
      "median": 0.0013704018795127055,
      "p75": 0.010261186820038222
    },
    "Q1_WED_CLOSED": {
      "p10": 0.0001085932490793696,
      "p25": 0.00014134884485975254,
      "median": 0.001252330850396743,
      "p75": 0.0029493507364603843
    },
    "Q1_WED_LONDON": {
      "p10": 0.00018701981513012656,
      "p25": 0.0006702081478237481,
      "median": 0.0018642731288812289,
      "p75": 32.378221096498905
    },
    "Q1_WED_NY_AM": {
      "p10": 0.0015426231498210144,
      "p25": 11.791781449543294,
      "median": 39.3097962943302,
      "p75": 100.01489128808592
    },
    "Q1_WED_NY_PM": {
      "p10": 0.0018436248358926187,
      "p25": 21.35044541932148,
      "median": 44.801151233398436,
      "p75": 106.9452953152233
    },
    "Q2_FRI_ASIA": {
      "p10": 0.00010519071623936255,
      "p25": 0.0003183128936817664,
      "median": 0.001290820174131254,
      "p75": 24.487823413239493
    },
    "Q2_FRI_CLOSED": {
      "p10": 8.446163387065493e-05,
      "p25": 0.0001157816538539086,
      "median": 0.0013287772932623167,
      "p75": 57.04685987160251
    },
    "Q2_FRI_LONDON": {
      "p10": 0.0001965132611632867,
      "p25": 0.0007244073442895491,
      "median": 0.0020912263131644252,
      "p75": 44.20212216187165
    },
    "Q2_FRI_NY_AM": {
      "p10": 0.0017761724949859304,
      "p25": 21.806423825698246,
      "median": 44.290014786862116,
      "p75": 102.84857112103873
    },
    "Q2_FRI_NY_PM": {
      "p10": 0.0018737879063761417,
      "p25": 19.809111319335482,
      "median": 41.0410191672157,
      "p75": 95.90608394373012
    },
    "Q2_MON_ASIA": {
      "p10": 0.00010320876409839619,
      "p25": 0.0002189252160434195,
      "median": 0.0011684245484190527,
      "p75": 0.006053880802890839
    },
    "Q2_MON_CLOSED": {
      "p10": 9.164217391733053e-05,
      "p25": 0.00012652680808343945,
      "median": 0.0011693393456287077,
      "p75": 0.002196960389637612
    },
    "Q2_MON_LONDON": {
      "p10": 0.00015470255011177837,
      "p25": 0.00044235396006823074,
      "median": 0.0016363995880426627,
      "p75": 29.565741056401862
    },
    "Q2_MON_NY_AM": {
      "p10": 0.0012463310405195157,
      "p25": 0.005250070052922543,
      "median": 36.56759970402709,
      "p75": 98.33963795804829
    },
    "Q2_MON_NY_PM": {
      "p10": 0.0016304561025142215,
      "p25": 13.788437553660772,
      "median": 40.98474161009634,
      "p75": 105.28285318784869
    },
    "Q2_SUN_ASIA": {
      "p10": 0.00012775885545176458,
      "p25": 0.00035740924821249965,
      "median": 0.00149109389049212,
      "p75": 27.44325326644845
    },
    "Q2_THU_ASIA": {
      "p10": 0.00010997846573734826,
      "p25": 0.0003217707741833642,
      "median": 0.001338422571516989,
      "p75": 27.276675594274824
    },
    "Q2_THU_CLOSED": {
      "p10": 0.00011010047109243017,
      "p25": 0.00017036867041109546,
      "median": 0.001341566901111313,
      "p75": 0.0030910541525686107
    },
    "Q2_THU_LONDON": {
      "p10": 0.00022636291317864983,
      "p25": 0.0007615525837237005,
      "median": 0.002081318599034973,
      "p75": 43.7755147007096
    },
    "Q2_THU_NY_AM": {
      "p10": 0.0019850714200441103,
      "p25": 18.665858033067913,
      "median": 44.6769611229509,
      "p75": 106.0934728571263
    },
    "Q2_THU_NY_PM": {
      "p10": 0.002141431735962465,
      "p25": 25.249430672432627,
      "median": 45.55401598884885,
      "p75": 114.54110272473314
    },
    "Q2_TUE_ASIA": {
      "p10": 0.00010629138240673932,
      "p25": 0.0002829954930696353,
      "median": 0.0012465074436247177,
      "p75": 0.2222327824726352
    },
    "Q2_TUE_CLOSED": {
      "p10": 0.00010666012299528477,
      "p25": 0.00014084817547742635,