{
  "meta": {
    "mode": "coarse",
    "include_quarter": true,
    "std_windows": {
      "default": 20,
      "sessions": {
        "NY_AM": 60,
        "NY_PM": 60
      }
    },
    "min_samples": 50,
    "row_count": 2422626,
    "generated_at": "2026-02-10T00:16:51.623710+00:00"
  },
  "thresholds": {
    "Q1_FRI_ASIA": {
      "p10": 9.660331426505661e-05,
      "p25": 0.00013746094382000485,
      "median": 0.0009018422445884384,
      "p75": 0.0022151078810852326
    },
    "Q1_FRI_CLOSED": {
      "p10": 0.0001053583983337883,
      "p25": 0.00013443500090808732,
      "median": 0.0014110166691182736,
      "p75": 57.524963321481835
    },
    "Q1_FRI_LONDON": {
      "p10": 0.00014581035847813443,
      "p25": 0.00024660763907622275,
      "median": 0.0014800570708003785,
      "p75": 0.003017763432948511
    },
    "Q1_FRI_NY_AM": {
      "p10": 0.0013097621805686088,
      "p25": 0.0022192895913006345,
      "median": 33.466855702777764,
      "p75": 58.73186680646674
    },
    "Q1_FRI_NY_PM": {
      "p10": 0.0013508414360803996,
      "p25": 0.0021605913820205666,
      "median": 32.55098963934372,
      "p75": 57.18208598604926
    },
    "Q1_MON_ASIA": {
      "p10": 9.137217344679731e-05,
      "p25": 0.00013053333398036304,
      "median": 0.0008626537174744722,
      "p75": 0.001862129678856659
    },
    "Q1_MON_CLOSED": {
      "p10": 9.769215749840501e-05,
      "p25": 0.00013125103848148014,
      "median": 0.0009493279402866847,
      "p75": 0.0017478123074723022
    },
    "Q1_MON_LONDON": {
      "p10": 0.0001312138958047473,
      "p25": 0.00021535688449162942,
      "median": 0.0013128528210910157,
      "p75": 0.0024902326820117502
    },
    "Q1_MON_NY_AM": {
      "p10": 0.000950688725463512,
      "p25": 0.0016623254655417498,
      "median": 28.170464572015767,
      "p75": 54.080445208355435
    },
    "Q1_MON_NY_PM": {
      "p10": 0.0013483352444471765,
      "p25": 0.0021588582099552472,
      "median": 34.51991041718911,
      "p75": 69.16612260103136
    },
    "Q1_SUN_ASIA": {
      "p10": 0.00010422976741648166,
      "p25": 0.00015153966938372457,
      "median": 0.0011983832281398242,
      "p75": 0.0022269226767443694
    },
    "Q1_THU_ASIA": {
      "p10": 9.687210379828226e-05,
      "p25": 0.00013653067403416198,
      "median": 0.0010294111737504529,
      "p75": 0.002176932787891759
    },
    "Q1_THU_CLOSED": {
      "p10": 0.00011907641278612198,
      "p25": 0.0001452861122888006,
      "median": 0.0012292387099151411,
      "p75": 52.40628840687188
    },
    "Q1_THU_LONDON": {
      "p10": 0.00014794883529641088,
      "p25": 0.000276820228677474,
      "median": 0.0015715077101688632,
      "p75": 0.003052414144222434
    },
    "Q1_THU_NY_AM": {
      "p10": 0.001307846734396063,
      "p25": 0.0022698702922393146,
      "median": 33.69300472012068,
      "p75": 66.76548220779247
    },
    "Q1_THU_NY_PM": {
      "p10": 0.0016481975533903168,
      "p25": 0.0025291930277596135,
      "median": 34.03199789685917,
      "p75": 70.79323936273212
    },
    "Q1_TUE_ASIA": {
      "p10": 9.297477022766414e-05,
      "p25": 0.00013439393416127325,
      "median": 0.0009053618199976346,
      "p75": 0.001966411845592304
    },
    "Q1_TUE_CLOSED": {
      "p10": 0.00010917646682189714,
      "p25": 0.00013018706322519275,
      "median": 0.0008239306676205551,
      "p75": 0.0019904262293120897
    },
    "Q1_TUE_LONDON": {
      "p10": 0.00014731876272485752,
      "p25": 0.0002649456117410189,
      "median": 0.0014882748858416704,
      "p75": 0.002769168790117422
    },
    "Q1_TUE_NY_AM": {
      "p10": 0.001158089294825356,
      "p25": 0.002009807599069218,
      "median": 30.224996061314926,
      "p75": 56.52506156962306
    },
    "Q1_TUE_NY_PM": {
      "p10": 0.0014854123134446725,
      "p25": 0.002262592424077386,
      "median": 32.453150876893595,
      "p75": 64.04906504313831
    },
    "Q1_WED_ASIA": {
      "p10": 0.00010099205777240064,
      "p25": 0.00014123973004958782,
      "median": 0.0011176871764099951,
      "p75": 0.002109115445045047
    },
    "Q1_WED_CLOSED": {
      "p10": 0.0001085932490793696,
      "p25": 0.00014134884485975254,
      "median": 0.001252330850396743,
      "p75": 0.0029493507364603843
    },
    "Q1_WED_LONDON": {
      "p10": 0.00014288422415613484,
      "p25": 0.0002550091378364589,
      "median": 0.0014166583876759808,
      "p75": 0.002902015096030853
    },
    "Q1_WED_NY_AM": {
      "p10": 0.001337571971735734,
      "p25": 0.0022278114795161014,
      "median": 33.47784189688279,
      "p75": 60.71634488278931
    },
    "Q1_WED_NY_PM": {
      "p10": 0.001572022902821554,
      "p25": 0.0024488104140320517,
      "median": 34.736059824125846,
      "p75": 67.14336026390295
    },
    "Q2_FRI_ASIA": {
      "p10": 8.396487757571203e-05,
      "p25": 0.00012272618053087207,
      "median": 0.0008576837099062444,
      "p75": 0.002017980977593605
    },
    "Q2_FRI_CLOSED": {
      "p10": 8.446163387065493e-05,
      "p25": 0.00011551477924042753,
      "median": 0.0013180630374623008,
      "p75": 57.046858149619524
    },
    "Q2_FRI_LONDON": {
      "p10": 0.00013974182763713353,
      "p25": 0.00029763848847653453,
      "median": 0.001605518589377168,
      "p75": 0.003084501460653106
    },
    "Q2_FRI_NY_AM": {
      "p10": 0.0014829794836010285,
      "p25": 0.002567243085970695,
      "median": 33.788312320894605,
      "p75": 62.6763618319201
    },
    "Q2_FRI_NY_PM": {
      "p10": 0.0015737693863021388,
      "p25": 0.0026095509467870814,
      "median": 33.32636002743712,
      "p75": 55.849828222683676
    },
    "Q2_MON_ASIA": {
      "p10": 8.35043721436862e-05,
      "p25": 0.00012022357432843597,
      "median": 0.00039301076783660545,
      "p75": 0.0017527264938947181
    },
    "Q2_MON_CLOSED": {
      "p10": 9.152148824683983e-05,
      "p25": 0.00012630584134631418,
      "median": 0.0011690657710244805,
      "p75": 0.0021694087498297264
    },
    "Q2_MON_LONDON": {
      "p10": 0.00011586509144146259,
      "p25": 0.0002239723903909752,
      "median": 0.0013378686455578635,
      "p75": 0.0025437640329429483
    },
    "Q2_MON_NY_AM": {
      "p10": 0.0010643494569725388,
      "p25": 0.0020821308599494413,
      "median": 32.402024937320796,
      "p75": 60.821516896108676
    },
    "Q2_MON_NY_PM": {
      "p10": 0.001396449805569641,
      "p25": 0.002251155516414773,
      "median": 32.58423751143943,
      "p75": 71.54800275788205
    },
    "Q2_SUN_ASIA": {
      "p10": 9.432797722185306e-05,
      "p25": 0.00015356938307811976,
      "median": 0.0011937168403314885,
      "p75": 0.002361261937492057
    },
    "Q2_THU_ASIA": {
      "p10": 8.655114047309613e-05,
      "p25": 0.00012930387860657594,
      "median": 0.0008736467488383398,
      "p75": 0.0022253027637960205
    },
    "Q2_THU_CLOSED": {
      "p10": 0.0001097625905315098,
      "p25": 0.0001697575172310853,
      "median": 0.0013410982110643988,
      "p75": 0.0029298808711551595
    },
    "Q2_THU_LONDON": {
      "p10": 0.00015673388985051323,
      "p25": 0.0003826885470512586,
      "median": 0.0016472315783039387,
      "p75": 0.003080278005097575
    },
    "Q2_THU_NY_AM": {
      "p10": 0.0016734610412587813,
      "p25": 0.002531016400081039,
      "median": 33.55438272951737,
      "p75": 64.33665066761623
    },
    "Q2_THU_NY_PM": {
      "p10": 0.001732498636582273,
      "p25": 0.0027733593024728003,
      "median": 35.85975612484112,
      "p75": 71.78844970539697
    },
    "Q2_TUE_ASIA": {
      "p10": 8.528088358520446e-05,
      "p25": 0.00012204023702738721,
      "median": 0.0005555152868003029,
      "p75": 0.0018220388413294174
    },
    "Q2_TUE_CLOSED": {
      "p10": 0.00010618358519816721,
      "p25": 0.00014059849245939937,
      "median": 0.0013054216468685268,
      "p75": 0.002664918478624767
    },
    "Q2_TUE_LONDON": {
      "p10": 0.0001483606060797298,
      "p25": 0.0003342930511261223,