{
  "version": "aetherflow_v1",
  "trained_at": "2026-04-24T01:20:11.425337+00:00",
  "model_type": "hgb",
  "workers": 4,
  "calibrated": false,
  "input": "es_master_outrights.parquet",
  "base_features": "artifacts/aetherflow_retrain_b/manifold_base.parquet",
  "rows": 4924,
  "feature_rows": 4924,
  "candidate_coverage": 1.0,
  "setup_mix_all": {
    "transition_burst": 4924
  },
  "setup_mix_train": {
    "transition_burst": 3446
  },
  "setup_mix_val": {
    "transition_burst": 738
  },
  "setup_mix_test": {
    "transition_burst": 740
  },
  "train_rows": 3446,
  "val_rows": 738,
  "test_rows": 740,
  "train_positive_rate": 0.3740568775391759,
  "val_positive_rate": 0.3956639566395664,
  "test_positive_rate": 0.3891891891891892,
  "threshold": 0.53,
  "validation": {
    "threshold": 0.53,
    "score": -1.4084365791964255,
    "coverage": 0.22493224932249323,
    "mean_fold_avg_pnl": -0.21689728532062877,
    "worst_fold_avg_pnl": -0.9071658653194051,
    "fold_std_avg_pnl": 0.7428618764571447,
    "positive_folds": 2,
    "evaluated_folds": 4,
    "trade_count": 166,
    "avg_pnl": -0.21319285503052746,
    "total_pnl": -35.39001393506756,
    "win_rate": 0.3614457831325301,
    "long_share": 0.5903614457831325,
    "short_share": 0.40963855421686746
  },
  "test": {
    "trade_count": 147,
    "avg_pnl": 0.24355846257859565,
    "total_pnl": 35.80309399905356,
    "win_rate": 0.3877551020408163,
    "long_share": 0.5918367346938775,
    "short_share": 0.40816326530612246,
    "accuracy": 0.5567567567567567,
    "precision": 0.4253731343283582,
    "recall": 0.3958333333333333,
    "f1": 0.41007194244604317,
    "roc_auc": 0.531810779252704
  },
  "artifacts": {
    "model_file": "model_family_tb.pkl",
    "thresholds_file": "thresholds_family_tb.json",
    "metrics_file": "metrics_family_tb.json",
    "features_parquet": "family_tb_features.parquet"
  }
}