{
  "15": {
    "window_min": 15,
    "shipped": false,
    "rule_baseline": {
      "n": 4227,
      "pnl": 8485.0,
      "avg": 2.0073338064821384,
      "dd": 2220.0
    },
    "rule_acc": 0.5396262124438136,
    "oracle": {
      "n": 4227,
      "pnl": 119242.5,
      "avg": 28.2097232079489,
      "dd": 120.0
    }
  },
  "30": {
    "window_min": 30,
    "shipped": false,
    "rule_baseline": {
      "n": 4062,
      "pnl": -9808.75,
      "avg": -2.4147587395371737,
      "dd": 12581.25
    },
    "rule_acc": 0.5647464303298868,
    "oracle": {
      "n": 4062,
      "pnl": 132005.0,
      "avg": 32.49753815854259,
      "dd": 390.0
    }
  }
}