{
  "chunk_summaries": [
    {
      "train_frac": 0.4,
      "test_frac": 0.5,
      "n_test": 641,
      "oracle_pnl": 8123.536940150549,
      "always_imm_pnl": -1513.123646601894,
      "always_wait_pnl": -2732.087648959296,
      "pnl_thr0.30": 449.90460905986606,
      "pnl_thr0.32": 730.5012148712478,
      "pnl_thr0.34": 676.7512148712478,
      "pnl_thr0.36": 263.00121487124784,
      "pnl_thr0.38": 221.75121487124807,
      "pnl_thr0.40": 198.85877745721996,
      "pnl_thr0.42": -54.89122254278004,
      "pnl_thr0.44": -235.0467138911058,
      "pnl_thr0.46": -620.0467138911058,
      "pnl_thr0.48": -663.7967138911058,
      "pnl_thr0.50": -531.2967138911058,
      "pnl_thr0.52": -690.0467138911058,
      "pnl_thr0.54": -800.3007465029527,
      "pnl_thr0.56": -822.8007465029527,
      "pnl_thr0.58": -872.8007465029527,
      "pnl_thr0.60": -726.5507465029527
    },
    {
      "train_frac": 0.5,
      "test_frac": 0.6,
      "n_test": 641,
      "oracle_pnl": 6020.878173690391,
      "always_imm_pnl": -1762.568386104216,
      "always_wait_pnl": -5151.334863956383,
      "pnl_thr0.30": -393.8356770845269,
      "pnl_thr0.32": -356.3356770845269,
      "pnl_thr0.34": -546.3356770845269,
      "pnl_thr0.36": -518.818386104216,
      "pnl_thr0.38": -775.068386104216,
      "pnl_thr0.40": -556.318386104216,
      "pnl_thr0.42": -935.068386104216,
      "pnl_thr0.44": -991.318386104216,
      "pnl_thr0.46": -1027.568386104216,
      "pnl_thr0.48": -1112.568386104216,
      "pnl_thr0.50": -978.818386104216,
      "pnl_thr0.52": -1085.068386104216,
      "pnl_thr0.54": -1136.318386104216,
      "pnl_thr0.56": -1157.568386104216,
      "pnl_thr0.58": -1256.318386104216,
      "pnl_thr0.60": -1336.318386104216
    },
    {
      "train_frac": 0.6,
      "test_frac": 0.7,
      "n_test": 640,
      "oracle_pnl": 7431.111895627453,
      "always_imm_pnl": 1171.578417407492,
      "always_wait_pnl": -3900.7141956566984,
      "pnl_thr0.30": 15.575115220777661,
      "pnl_thr0.32": 702.9817227560733,
      "pnl_thr0.34": 785.4817227560732,
      "pnl_thr0.36": 1380.4817227560732,
      "pnl_thr0.38": 1683.3444161254617,
      "pnl_thr0.40": 1768.7071274378325,
      "pnl_thr0.42": 1902.3847627797152,
      "pnl_thr0.44": 2455.8599995530158,
      "pnl_thr0.46": 2247.1099995530158,
      "pnl_thr0.48": 2257.1099995530158,
      "pnl_thr0.50": 2093.3599995530158,
      "pnl_thr0.52": 1807.1099995530158,
      "pnl_thr0.54": 1622.1099995530158,
      "pnl_thr0.56": 1517.1099995530158,
      "pnl_thr0.58": 1592.1099995530158,
      "pnl_thr0.60": 1675.8599995530158
    },
    {
      "train_frac": 0.7,
      "test_frac": 0.7999999999999999,
      "n_test": 641,
      "oracle_pnl": 4128.274387153447,
      "always_imm_pnl": -3753.032764068051,
      "always_wait_pnl": -6638.823972542097,
      "pnl_thr0.30": -2583.1419698620166,
      "pnl_thr0.32": -2893.013907837182,
      "pnl_thr0.34": -2853.375308152539,
      "pnl_thr0.36": -2648.375308152539,
      "pnl_thr0.38": -2525.5422278100104,
      "pnl_thr0.40": -2096.79222781001,
      "pnl_thr0.42": -2190.54222781001,
      "pnl_thr0.44": -2324.29222781001,
      "pnl_thr0.46": -2636.749096517264,
      "pnl_thr0.48": -2758.729813554234,
      "pnl_thr0.50": -2741.1935592666823,
      "pnl_thr0.52": -2937.4435592666828,
      "pnl_thr0.54": -3153.6935592666823,
      "pnl_thr0.56": -3032.4435592666828,
      "pnl_thr0.58": -3107.4435592666828,
      "pnl_thr0.60": -3355.5327640680507
    },
    {
      "train_frac": 0.8,
      "test_frac": 0.9,
      "n_test": 641,
      "oracle_pnl": 7253.021229047796,
      "always_imm_pnl": -256.2309028039117,
      "always_wait_pnl": -3754.535968736966,
      "pnl_thr0.30": 296.8217032324859,
      "pnl_thr0.32": 396.6235961268038,
      "pnl_thr0.34": 835.3735961268038,
      "pnl_thr0.36": 642.8735961268038,
      "pnl_thr0.38": 1271.7318266322163,
      "pnl_thr0.40": 1348.2755548176292,
      "pnl_thr0.42": 1378.2755548176292,
      "pnl_thr0.44": 1353.2755548176292,
      "pnl_thr0.46": 1233.2755548176292,
      "pnl_thr0.48": 1108.7690971960883,
      "pnl_thr0.50": 965.0190971960882,
      "pnl_thr0.52": 1005.0190971960882,
      "pnl_thr0.54": 763.7690971960882,
      "pnl_thr0.56": 770.0190971960882,
      "pnl_thr0.58": 470.0190971960882,
      "pnl_thr0.60": 345.0190971960882
    },
    {
      "train_frac": 0.9,
      "test_frac": 1.0,
      "n_test": 641,
      "oracle_pnl": 7913.800650165286,
      "always_imm_pnl": 681.7269437166801,
      "always_wait_pnl": -2925.0207716048444,
      "pnl_thr0.30": 2264.934873867819,
      "pnl_thr0.32": 1877.816645369207,
      "pnl_thr0.34": 1825.316645369207,
      "pnl_thr0.36": 2054.066645369207,
      "pnl_thr0.38": 2079.066645369207,
      "pnl_thr0.40": 1906.566645369207,
      "pnl_thr0.42": 1860.316645369207,
      "pnl_thr0.44": 1694.066645369207,
      "pnl_thr0.46": 1344.066645369207,
      "pnl_thr0.48": 1266.566645369207,
      "pnl_thr0.50": 971.5666453692069,
      "pnl_thr0.52": 832.9769437166801,
      "pnl_thr0.54": 561.7269437166801,
      "pnl_thr0.56": 511.72694371668007,
      "pnl_thr0.58": 601.7269437166801,
      "pnl_thr0.60": 726.7269437166801
    }
  ],
  "threshold_summary": {
    "thr0.30": {
      "mean_pnl": 8.376442405734224,
      "sum_pnl": 50.258654434405344,
      "wins_vs_0.40": 3,
      "n_chunks": 6
    },
    "thr0.32": {
      "mean_pnl": 76.42893236693719,
      "sum_pnl": 458.5735942016231,
      "wins_vs_0.40": 2,
      "n_chunks": 6
    },
    "thr0.34": {
      "mean_pnl": 120.53536564771093,
      "sum_pnl": 723.2121938862656,
      "wins_vs_0.40": 2,
      "n_chunks": 6
    },
    "thr0.36": {
      "mean_pnl": 195.53824747776275,
      "sum_pnl": 1173.2294848665765,
      "wins_vs_0.40": 3,
      "n_chunks": 6
    },
    "thr0.38": {
      "mean_pnl": 325.88058151398445,
      "sum_pnl": 1955.2834890839067,
      "wins_vs_0.40": 2,
      "n_chunks": 6
    },
    "thr0.40": {
      "mean_pnl": 428.21624852794383,
      "sum_pnl": 2569.297491167663,
      "wins_vs_0.40": 0,
      "n_chunks": 6
    },
    "thr0.42": {
      "mean_pnl": 326.7458544182576,
      "sum_pnl": 1960.4751265095454,
      "wins_vs_0.40": 2,
      "n_chunks": 6
    },
    "thr0.44": {
      "mean_pnl": 325.42414532242003,
      "sum_pnl": 1952.5448719345202,
      "wins_vs_0.40": 2,
      "n_chunks": 6
    },
    "thr0.46": {
      "mean_pnl": 90.01466720454432,
      "sum_pnl": 540.088003227266,
      "wins_vs_0.40": 1,
      "n_chunks": 6
    },
    "thr0.48": {
      "mean_pnl": 16.225138094792555,
      "sum_pnl": 97.35082856875533,
      "wins_vs_0.40": 1,
      "n_chunks": 6
    },
    "thr0.50": {
      "mean_pnl": -36.89381952394882,
      "sum_pnl": -221.36291714369293,
      "wins_vs_0.40": 1,
      "n_chunks": 6
    },
    "thr0.52": {
      "mean_pnl": -177.9087697993701,
      "sum_pnl": -1067.4526187962206,
      "wins_vs_0.40": 1,
      "n_chunks": 6
    },
    "thr0.54": {
      "mean_pnl": -357.11777523467777,
      "sum_pnl": -2142.7066514080666,
      "wins_vs_0.40": 0,
      "n_chunks": 6
    },
    "thr0.56": {
      "mean_pnl": -368.99277523467794,
      "sum_pnl": -2213.9566514080675,
      "wins_vs_0.40": 0,
      "n_chunks": 6
    },
    "thr0.58": {
      "mean_pnl": -428.7844419013445,
      "sum_pnl": -2572.706651408067,
      "wins_vs_0.40": 0,
      "n_chunks": 6
    },
    "thr0.60": {
      "mean_pnl": -445.1326427015725,
      "sum_pnl": -2670.795856209435,
      "wins_vs_0.40": 0,
      "n_chunks": 6
    }
  },
  "oracle_pnl_mean": 6811.770545972487,
  "always_imm_pnl_mean": -905.2750564089835,
  "always_wait_pnl_mean": -4183.752903576048,
  "best_threshold": 0.4,
  "best_mean_pnl": 428.21624852794383,
  "current_threshold": 0.4,
  "current_mean_pnl": 428.21624852794383,
  "delta_per_chunk": 0.0
}