{
  "model_kind": "PPO_MlpPolicy_trade_mgmt",
  "obs_dim": 172,
  "n_actions": 7,
  "action_names": {
    "0": "HOLD",
    "1": "MOVE_SL_TO_BE",
    "2": "TIGHTEN_SL_25PCT",
    "3": "TIGHTEN_SL_50PCT",
    "4": "TAKE_PARTIAL_50PCT",
    "5": "TAKE_PARTIAL_FULL",
    "6": "REVERSE"
  },
  "training": {
    "total_timesteps": 300000,
    "n_envs": 4,
    "lr": 0.0003,
    "n_steps": 1024,
    "batch_size": 128,
    "ent_coef": 0.01,
    "seed": 42,
    "elapsed_seconds": 236.0,
    "n_train_episodes": 3621,
    "n_val_episodes": 640
  },
  "val_stats_ppo": {
    "n": 640,
    "total_pnl": 144473.74000000002,
    "mean_pnl": 225.74021875000003,
    "median_pnl": 82.03999999999999,
    "win_rate": 0.9171875,
    "mean_reward": 4.430804375,
    "mean_bars_held": 8.4,
    "action_counts": {
      "0": 1457,
      "1": 131,
      "2": 240,
      "3": 0,
      "4": 3099,
      "5": 2,
      "6": 449
    }
  },
  "val_stats_de3_baseline": {
    "n": 640,
    "total_pnl": 649.3299999999977,
    "mean_pnl": 1.0145781249999963,
    "median_pnl": 0.51,
    "win_rate": 0.5109375,
    "mean_reward": -0.24417718750000006,
    "mean_bars_held": 26.446875,
    "action_counts": {
      "0": 16671,
      "1": 202,
      "2": 0,
      "3": 53,
      "4": 0,
      "5": 0,
      "6": 0
    }
  },
  "val_stats_hold_baseline": {
    "n": 640,
    "total_pnl": 88.0799999999972,
    "mean_pnl": 0.1376249999999956,
    "median_pnl": -30.74,
    "win_rate": 0.440625,
    "mean_reward": -0.28009125000000007,
    "mean_bars_held": 28.284375,
    "action_counts": {
      "0": 18102,
      "1": 0,
      "2": 0,
      "3": 0,
      "4": 0,
      "5": 0,
      "6": 0
    }
  },
  "delta_vs_hold": 144385.66000000003,
  "delta_vs_de3": 143824.41000000003
}