{
  "model_kind": "PPO_MlpPolicy_trade_mgmt",
  "obs_dim": 172,
  "n_actions": 7,
  "action_names": {
    "0": "HOLD",
    "1": "MOVE_SL_TO_BE",
    "2": "TIGHTEN_SL_25PCT",
    "3": "TIGHTEN_SL_50PCT",
    "4": "TAKE_PARTIAL_50PCT",
    "5": "TAKE_PARTIAL_FULL",
    "6": "REVERSE"
  },
  "training": {
    "total_timesteps": 300000,
    "n_envs": 4,
    "lr": 0.0003,
    "n_steps": 1024,
    "batch_size": 128,
    "ent_coef": 0.01,
    "seed": 42,
    "elapsed_seconds": 203.3,
    "n_train_episodes": 3621,
    "n_val_episodes": 640
  },
  "val_stats_ppo": {
    "n": 640,
    "total_pnl": 167778.06,
    "mean_pnl": 262.15321875,
    "median_pnl": 97.03999999999999,
    "win_rate": 0.9578125,
    "mean_reward": 5.143626875000001,
    "mean_bars_held": 9.94375,
    "action_counts": {
      "0": 1655,
      "1": 4,
      "2": 293,
      "3": 3,
      "4": 3899,
      "5": 0,
      "6": 510
    }
  },
  "val_stats_de3_baseline": {
    "n": 640,
    "total_pnl": 1186.8299999999977,
    "mean_pnl": 1.8544218749999963,
    "median_pnl": 0.51,
    "win_rate": 0.515625,
    "mean_reward": -0.23245843750000011,
    "mean_bars_held": 26.9546875,
    "action_counts": {
      "0": 16998,
      "1": 202,
      "2": 0,
      "3": 51,
      "4": 0,
      "5": 0,
      "6": 0
    }
  },
  "val_stats_hold_baseline": {
    "n": 640,
    "total_pnl": 446.8299999999974,
    "mean_pnl": 0.698171874999996,
    "median_pnl": -25.485,
    "win_rate": 0.446875,
    "mean_reward": -0.2737240625000001,
    "mean_bars_held": 28.76875,
    "action_counts": {
      "0": 18412,
      "1": 0,
      "2": 0,
      "3": 0,
      "4": 0,
      "5": 0,
      "6": 0
    }
  },
  "delta_vs_hold": 167331.23,
  "delta_vs_de3": 166591.23
}