{
  "model_kind": "PPO_MlpPolicy_trade_mgmt",
  "obs_dim": 172,
  "n_actions": 7,
  "action_names": {
    "0": "HOLD",
    "1": "MOVE_SL_TO_BE",
    "2": "TIGHTEN_SL_25PCT",
    "3": "TIGHTEN_SL_50PCT",
    "4": "TAKE_PARTIAL_50PCT",
    "5": "TAKE_PARTIAL_FULL",
    "6": "REVERSE"
  },
  "training": {
    "total_timesteps": 300000,
    "n_envs": 4,
    "lr": 0.0003,
    "n_steps": 1024,
    "batch_size": 128,
    "ent_coef": 0.01,
    "seed": 42,
    "elapsed_seconds": 164.0,
    "n_train_episodes": 3621,
    "n_val_episodes": 640
  },
  "val_stats_ppo": {
    "n": 640,
    "total_pnl": 176949.97000000003,
    "mean_pnl": 276.48432812500005,
    "median_pnl": 94.565,
    "win_rate": 0.9609375,
    "mean_reward": 5.4352959375,
    "mean_bars_held": 9.4390625,
    "action_counts": {
      "0": 1277,
      "1": 131,
      "2": 172,
      "3": 0,
      "4": 3996,
      "5": 2,
      "6": 465
    }
  },
  "val_stats_de3_baseline": {
    "n": 640,
    "total_pnl": 1161.8299999999977,
    "mean_pnl": 1.8153593749999963,
    "median_pnl": 0.51,
    "win_rate": 0.5140625,
    "mean_reward": -0.22816156250000005,
    "mean_bars_held": 26.446875,
    "action_counts": {
      "0": 16671,
      "1": 202,
      "2": 0,
      "3": 53,
      "4": 0,
      "5": 0,
      "6": 0
    }
  },
  "val_stats_hold_baseline": {
    "n": 640,
    "total_pnl": 656.8299999999972,
    "mean_pnl": 1.0262968749999957,
    "median_pnl": -29.235,
    "win_rate": 0.44375,
    "mean_reward": -0.2623178125000001,
    "mean_bars_held": 28.284375,
    "action_counts": {
      "0": 18102,
      "1": 0,
      "2": 0,
      "3": 0,
      "4": 0,
      "5": 0,
      "6": 0
    }
  },
  "delta_vs_hold": 176293.14000000004,
  "delta_vs_de3": 175788.14000000004
}