{
  "model_kind": "PPO_MlpPolicy_trade_mgmt_v2_extended_obs",
  "obs_dim": 212,
  "extended_obs": true,
  "n_actions": 7,
  "action_names": {
    "0": "HOLD",
    "1": "MOVE_SL_TO_BE",
    "2": "TIGHTEN_SL_25PCT",
    "3": "TIGHTEN_SL_50PCT",
    "4": "TAKE_PARTIAL_50PCT",
    "5": "TAKE_PARTIAL_FULL",
    "6": "REVERSE"
  },
  "training": {
    "total_timesteps": 300000,
    "n_envs": 4,
    "lr": 0.0003,
    "n_steps": 1024,
    "batch_size": 128,
    "ent_coef": 0.01,
    "seed": 42,
    "elapsed_seconds": 280.4,
    "n_train_episodes": 3621,
    "n_val_episodes": 640
  },
  "val_stats_ppo": {
    "n": 640,
    "total_pnl": 196380.73000000004,
    "mean_pnl": 306.84489062500006,
    "median_pnl": 89.935,
    "win_rate": 0.921875,
    "mean_reward": 6.0150696875000005,
    "mean_bars_held": 12.1828125,
    "action_counts": {
      "0": 1682,
      "1": 44,
      "2": 196,
      "3": 11,
      "4": 5426,
      "5": 0,
      "6": 438
    }
  },
  "val_stats_de3_baseline": {
    "n": 640,
    "total_pnl": 649.3299999999977,
    "mean_pnl": 1.0145781249999963,
    "median_pnl": 0.51,
    "win_rate": 0.5109375,
    "mean_reward": -0.24417718750000006,
    "mean_bars_held": 26.446875,
    "action_counts": {
      "0": 16671,
      "1": 202,
      "2": 0,
      "3": 53,
      "4": 0,
      "5": 0,
      "6": 0
    }
  },
  "val_stats_hold_baseline": {
    "n": 640,
    "total_pnl": 88.0799999999972,
    "mean_pnl": 0.1376249999999956,
    "median_pnl": -30.74,
    "win_rate": 0.440625,
    "mean_reward": -0.28009125000000007,
    "mean_bars_held": 28.284375,
    "action_counts": {
      "0": 18102,
      "1": 0,
      "2": 0,
      "3": 0,
      "4": 0,
      "5": 0,
      "6": 0
    }
  },
  "delta_vs_hold": 196292.65000000005,
  "delta_vs_de3": 195731.40000000005
}