{
  "ASIA": {
    "samples": 37574,
    "accuracy": 0.48480164863472436,
    "precision": 0.4376163873370577,
    "recall": 0.5427251732101617,
    "f1": 0.4845360824742268,
    "auc": 0.5009929047566645,
    "trade_count": 1941,
    "long_trades": 1074,
    "short_trades": 867,
    "coverage": 0.051658061425453775,
    "avg_pnl": -0.0799938176197803,
    "total_pnl": -155.26799999999358,
    "win_rate": 0.48480164863472436,
    "pos_rate": 0.5533230293663061,
    "raw_accuracy_05": 0.5377920902751903,
    "raw_precision_05": 0.0,
    "raw_recall_05": 0.0,
    "raw_f1_05": 0.0,
    "raw_pos_rate_05": 0.0,
    "proba_min": 0.4463867712979138,
    "proba_median": 0.46588687926357747,
    "proba_max": 0.4830070282446097,
    "proba_mean": 0.46590016047803434,
    "proba_std": 0.003296758680858295,
    "threshold": 0.4712596574274328,
    "short_threshold": 0.45986966806685803,
    "ev_models": {
      "enabled": true,
      "long_model": "asia_retrain\\model_asia_ev_long.joblib",
      "short_model": "asia_retrain\\model_asia_ev_short.joblib",
      "long": {
        "train_samples": 175332,
        "saved_model": "asia_retrain\\model_asia_ev_long.joblib",
        "enabled": true,
        "test_samples": 37574,
        "rmse": 1.8756314779103256,
        "mae": 1.8617798610258625,
        "corr": -0.004064722537249886,
        "sign_accuracy": 0.5313514664395592,
        "pred_mean": -0.20524509272147431,
        "real_mean": -0.16472033853196344,
        "status": "ok"
      },
      "short": {
        "train_samples": 175332,
        "saved_model": "asia_retrain\\model_asia_ev_short.joblib",
        "enabled": true,
        "test_samples": 37574,
        "rmse": 1.8755733243116703,
        "mae": 1.865421086974852,
        "corr": -0.005152563048473133,
        "sign_accuracy": 0.5234736786075478,
        "pred_mean": 0.11322714639138473,
        "real_mean": 0.11872033853196373,
        "status": "ok"
      },
      "selection": {
        "samples": 37574,
        "trade_count": 33065,
        "coverage": 0.8799968063022303,
        "long_share": 0.06828973234538031,
        "avg_realized_all": 0.08508670889444843,
        "avg_realized_traded": 0.09455254801149265,
        "win_rate_traded": 0.531347346136398,
        "avg_predicted_traded": 0.1517084478738719
      },
      "runtime": {
        "min_ev_points": 0.35485069073045367,
        "min_prob_edge": 0.07627386231555519,
        "max_ev_disagreement_points": 0.297441748873113,
        "require_ev_sign_agreement": true,
        "require_threshold_gate": true,
        "use_model_predictions": true,
        "require_trade_gate": true,
        "min_trade_gate_prob": 0.8,
        "max_trade_gate_prob": 0.92,
        "apply_prob_margin_with_model_ev": false,
        "apply_confidence_gates_with_model_ev": false,
        "high_vol_min_ev_points": 0.4548506907304537
      },
      "runtime_diagnostics": {
        "status": "ok",
        "samples": 37574,
        "target_coverage": 0.03,
        "coverage_min": 0.015,
        "coverage_max": 0.08,
        "selected_mode": "grid",
        "selected_trade_count": 1582,
        "selected_coverage": 0.04210358226433172,
        "selected_avg_realized": 0.1287067003792669,
        "selected_avg_predicted": 0.4534037113795124,
        "selected_win_rate": 0.5404551201011378,
        "selected_threshold_raw": 0.35485069073045367,
        "min_ev_points": 0.35485069073045367,
        "max_ev_disagreement_points": 0.297441748873113,
        "sign_disagree_rate": 0.02465233881163085,
        "require_ev_sign_agreement": true,
        "min_prob_edge": 0.07627386231555519
      }
    },
    "walk_forward": {
      "folds": 2,
      "trade_count": 3852,
      "avg_pnl": -0.026894080996885047,
      "total_pnl": -103.5960000000012,
      "win_rate": 0.4989615784008307,
      "accuracy": 0.49854900884617537,
      "precision": 0.45261988662478936,
      "recall": 0.38130252100840334,
      "f1": 0.41202806443493584,
      "auc": 0.49872301993632817,
      "positive_folds": 0,
      "positive_ratio": 0.0,
      "mean_fold_ev": -0.028441216826842634,
      "worst_fold_ev": -0.03466205943331092,
      "fold_ev_std": 0.006220842606468284,
      "objective_score": -0.031240595999753363,
      "objective_mean_weight": 0.65,
      "objective_worst_weight": 0.35,
      "objective_std_penalty": 0.1,
      "objective_min_fold_trades": 20,
      "folds_detail": [
        {
          "samples": 50097,
          "accuracy": 0.4968901174844506,
          "precision": 0.4426229508196721,
          "recall": 0.32142857142857145,
          "f1": 0.3724137931034483,
          "auc": 0.5010019082561894,
          "trade_count": 1447,
          "long_trades": 488,
          "short_trades": 959,
          "coverage": 0.02888396510769108,
          "avg_pnl": -0.03466205943331092,
          "total_pnl": -50.156000000000894,
          "win_rate": 0.4968901174844506,
          "pos_rate": 0.3372494816862474,
          "raw_accuracy_05": 0.5334650777491666,
          "raw_precision_05": 0.46060606060606063,
          "raw_recall_05": 0.01957585644371941,
          "raw_f1_05": 0.03755559215944655,
          "raw_pos_rate_05": 0.019761662374992515,
          "proba_min": 0.33711035863180683,
          "proba_median": 0.47026959554083153,
          "proba_max": 0.5593185827379206,
          "proba_mean": 0.4703170577089642,
          "proba_std": 0.014126149168069558,
          "threshold": 0.5012352711799269,
          "short_threshold": 0.4460011020391128,
          "fold": 1
        },
        {
          "samples": 50097,
          "accuracy": 0.5002079002079002,
          "precision": 0.46261682242990654,
          "recall": 0.4411764705882353,
          "f1": 0.4516423357664234,
          "auc": 0.49644413161646694,
          "trade_count": 2405,
          "long_trades": 1070,
          "short_trades": 1335,
          "coverage": 0.04800686667864343,
          "avg_pnl": -0.02222037422037435,
          "total_pnl": -53.44000000000031,
          "win_rate": 0.5002079002079002,
          "pos_rate": 0.44490644490644493,
          "raw_accuracy_05": 0.5356208954628021,
          "raw_precision_05": 0.8571428571428571,
          "raw_recall_05": 0.0002578537968971593,
          "raw_f1_05": 0.0005155525004296271,
          "raw_pos_rate_05": 0.00013972892588378545,
          "proba_min": 0.4253141951102424,
          "proba_median": 0.4625945148410121,
          "proba_max": 0.5029982850231535,
          "proba_mean": 0.46270883800962037,
          "proba_std": 0.0063221121033183265,
          "threshold": 0.47374138646004427,
          "short_threshold": 0.4525363233487592,
          "fold": 2
        }
      ]
    },
    "gate": {
      "samples": 61032,
      "coverage": 0.03729191243937607,
      "precision": 0.9424428822495606,
      "recall": 0.0398669243922385,
      "f1": 0.07649786019971469,
      "auc": 0.7154617500249012
    }
  }
}