{
  "configs": [
    {
      "label": "A_DORMANT",
      "trades": 206,
      "wins": 73,
      "losses": 130,
      "flat": 3,
      "wr": 0.35436893203883496,
      "pnl": -695.0,
      "avg_per_trade": -3.3737864077669903,
      "max_dd": -1108.75,
      "blocked": 3232,
      "block_rate": 0.9400814426992438
    },
    {
      "label": "B_V1",
      "trades": 206,
      "wins": 73,
      "losses": 130,
      "flat": 3,
      "wr": 0.35436893203883496,
      "pnl": -695.0,
      "avg_per_trade": -3.3737864077669903,
      "max_dd": -1108.75,
      "blocked": 3232,
      "block_rate": 0.9400814426992438
    },
    {
      "label": "C_V2",
      "trades": 206,
      "wins": 73,
      "losses": 130,
      "flat": 3,
      "wr": 0.35436893203883496,
      "pnl": -695.0,
      "avg_per_trade": -3.3737864077669903,
      "max_dd": -1108.75,
      "blocked": 3232,
      "block_rate": 0.9400814426992438
    }
  ],
  "deltas": {
    "C_V2_vs_A_DORMANT": {
      "trades": 0,
      "wr_pp": 0.0,
      "pnl": 0.0,
      "dd": 0.0
    },
    "C_V2_vs_B_V1": {
      "trades": 0,
      "wr_pp": 0.0,
      "pnl": 0.0,
      "dd": 0.0
    }
  },
  "per_month_A": {
    "2025-03": {
      "trades": 5,
      "pnl": 111.25,
      "wr": 0.6
    },
    "2025-04": {
      "trades": 2,
      "pnl": -15.0,
      "wr": 0.0
    },
    "2025-05": {
      "trades": 9,
      "pnl": -95.0,
      "wr": 0.3333333333333333
    },
    "2025-06": {
      "trades": 12,
      "pnl": 115.0,
      "wr": 0.5833333333333334
    },
    "2025-07": {
      "trades": 45,
      "pnl": -443.75,
      "wr": 0.37777777777777777
    },
    "2025-08": {
      "trades": 31,
      "pnl": -375.0,
      "wr": 0.2903225806451613
    },
    "2025-09": {
      "trades": 6,
      "pnl": 50.0,
      "wr": 0.3333333333333333
    },
    "2025-10": {
      "trades": 16,
      "pnl": 13.75,
      "wr": 0.3125
    },
    "2025-11": {
      "trades": 8,
      "pnl": -198.75,
      "wr": 0.125
    },
    "2025-12": {
      "trades": 19,
      "pnl": 731.25,
      "wr": 0.631578947368421
    },
    "2026-01": {
      "trades": 14,
      "pnl": 35.0,
      "wr": 0.42857142857142855
    },
    "2026-02": {
      "trades": 14,
      "pnl": -91.25,
      "wr": 0.42857142857142855
    },
    "2026-03": {
      "trades": 10,
      "pnl": -245.0,
      "wr": 0.0
    },
    "2026-04": {
      "trades": 15,
      "pnl": -287.5,
      "wr": 0.13333333333333333
    }
  },
  "per_month_C": {
    "2025-03": {
      "trades": 5,
      "pnl": 111.25,
      "wr": 0.6
    },
    "2025-04": {
      "trades": 2,
      "pnl": -15.0,
      "wr": 0.0
    },
    "2025-05": {
      "trades": 9,
      "pnl": -95.0,
      "wr": 0.3333333333333333
    },
    "2025-06": {
      "trades": 12,
      "pnl": 115.0,
      "wr": 0.5833333333333334
    },
    "2025-07": {
      "trades": 45,
      "pnl": -443.75,
      "wr": 0.37777777777777777
    },
    "2025-08": {
      "trades": 31,
      "pnl": -375.0,
      "wr": 0.2903225806451613
    },
    "2025-09": {
      "trades": 6,
      "pnl": 50.0,
      "wr": 0.3333333333333333
    },
    "2025-10": {
      "trades": 16,
      "pnl": 13.75,
      "wr": 0.3125
    },
    "2025-11": {
      "trades": 8,
      "pnl": -198.75,
      "wr": 0.125
    },
    "2025-12": {
      "trades": 19,
      "pnl": 731.25,
      "wr": 0.631578947368421
    },
    "2026-01": {
      "trades": 14,
      "pnl": 35.0,
      "wr": 0.42857142857142855
    },
    "2026-02": {
      "trades": 14,
      "pnl": -91.25,
      "wr": 0.42857142857142855
    },
    "2026-03": {
      "trades": 10,
      "pnl": -245.0,
      "wr": 0.0
    },
    "2026-04": {
      "trades": 15,
      "pnl": -287.5,
      "wr": 0.13333333333333333
    }
  }
}