{
  "model_a": {
    "rule": {
      "n": 4227,
      "pnl": 8485.0,
      "avg": 2.0073338064821384,
      "dd": 2220.0,
      "std": 37.174964349244995,
      "sharpe": 0.05399692620076195
    },
    "best": {
      "thr": 0.7,
      "acc": 0.5427016796782588,
      "n": 4227,
      "pnl": 12401.25,
      "avg": 2.933818310858765,
      "dd": 2001.25,
      "std": 36.178216651834035,
      "sharpe": 0.08109350273101526,
      "lift": 3916.25,
      "gates": {
        "pnl_ok": true,
        "dd_ok": true,
        "non_degen_ok": true
      }
    },
    "shipped": true
  },
  "model_b": {
    "rule": {
      "n": 4780,
      "pnl": -6375.0,
      "avg": -1.3336820083682008,
      "dd": 14630.0,
      "std": 104.97867351879138,
      "sharpe": -0.012704313777878602
    },
    "best": {
      "thr": 0.39999999999999997,
      "acc": 0.47824267782426777,
      "n": 4780,
      "pnl": -2750.0,
      "avg": -0.5753138075313807,
      "dd": 7386.25,
      "std": 47.37991815923706,
      "sharpe": -0.012142566510938963,
      "lift": 3625.0,
      "gates": {
        "sharpe_ok": true,
        "dd_ok": true,
        "pnl_ok": true,
        "non_degen_ok": true
      },
      "score": 7244.31174726694
    },
    "shipped": true
  },
  "model_c": {
    "rule": {
      "n": 3378,
      "pnl": -50026.25,
      "avg": -14.809428656009473,
      "dd": 49906.25,
      "std": 43.74856466290442,
      "sharpe": -0.33851233223582267
    },
    "best": null,
    "shipped": false
  },
  "combined": {
    "rule_all": {
      "n": 4227,
      "pnl": 23635.0,
      "avg": 5.591436006624083,
      "dd": 6660.0,
      "std": 109.25993550799673,
      "sharpe": 0.05117553823024952
    },
    "combined": {
      "n": 4227,
      "pnl": 35978.75,
      "avg": 8.511651289330494,
      "dd": 4133.75,
      "std": 106.51064155534576,
      "sharpe": 0.07991362332474182
    },
    "gates": {
      "pnl_ok": true,
      "dd_ok": true
    },
    "ship": true,
    "sources": {
      "A": "ML",
      "B": "rule",
      "C": "rule"
    },
    "_label": "A=ML  B=rule  C=rule",
    "_flags": {
      "a": true,
      "b": false,
      "c": false
    }
  }
}