{
  "baseline": {
    "n": 4780,
    "pnl": -12791.25,
    "avg": -2.6759937238493725,
    "dd": 15090.0
  },
  "best_b": {
    "thr": 0.7,
    "pnl": -3603.75,
    "dd": 10333.75,
    "lift": 9187.5
  },
  "best_c": {
    "thr": 0.5999999999999999,
    "pnl": -10338.75,
    "dd": 13905.0,
    "lift": 2452.5
  }
}