{
  "in_sample": {
    "label": "IN_SAMPLE_Mar-Dec_2025",
    "months": 9.963384253175645,
    "trades": 395,
    "wr": 0.7949367088607595,
    "pnl": 241817.5,
    "pnl_per_mo": 24270.61868289634,
    "dd": -357.5
  },
  "oos": {
    "label": "OOS_Jan-Apr_2026",
    "months": 3.6814224704336396,
    "trades": 83,
    "wr": 0.5903614457831325,
    "pnl": 16707.5,
    "pnl_per_mo": 4538.327272727273,
    "dd": -593.75
  },
  "full_14mo": {
    "label": "FULL_14mo",
    "months": 13.70651737479924,
    "trades": 478,
    "wr": 0.7594142259414226,
    "pnl": 258525.0,
    "pnl_per_mo": 18861.46516512818,
    "dd": -593.75
  },
  "oos_to_in_sample_ratio_per_mo": 0.1869885284764274,
  "per_month": {
    "2025-03": {
      "trades": 35,
      "pnl": 23800.0,
      "wr": 0.7714285714285715,
      "dd": -90.0,
      "t10_losers": 0
    },
    "2025-04": {
      "trades": 54,
      "pnl": 36197.5,
      "wr": 0.8518518518518519,
      "dd": -357.5,
      "t10_losers": 0
    },
    "2025-05": {
      "trades": 41,
      "pnl": 18250.0,
      "wr": 0.7804878048780488,
      "dd": -255.0,
      "t10_losers": 0
    },
    "2025-06": {
      "trades": 56,
      "pnl": 43627.5,
      "wr": 0.8392857142857143,
      "dd": -357.5,
      "t10_losers": 1
    },
    "2025-07": {
      "trades": 21,
      "pnl": 5706.25,
      "wr": 0.6190476190476191,
      "dd": -120.0,
      "t10_losers": 0
    },
    "2025-08": {
      "trades": 43,
      "pnl": 8913.75,
      "wr": 0.627906976744186,
      "dd": -196.25,
      "t10_losers": 4
    },
    "2025-09": {
      "trades": 20,
      "pnl": 17748.75,
      "wr": 0.9,
      "dd": -22.5,
      "t10_losers": 0
    },
    "2025-10": {
      "trades": 37,
      "pnl": 27742.5,
      "wr": 0.8648648648648649,
      "dd": -155.0,
      "t10_losers": 0
    },
    "2025-11": {
      "trades": 41,
      "pnl": 29400.0,
      "wr": 0.8048780487804879,
      "dd": -187.5,
      "t10_losers": 0
    },
    "2025-12": {
      "trades": 47,
      "pnl": 30431.25,
      "wr": 0.8297872340425532,
      "dd": -130.0,
      "t10_losers": 0
    },
    "2026-01": {
      "trades": 13,
      "pnl": 12871.25,
      "wr": 0.9230769230769231,
      "dd": -55.0,
      "t10_losers": 0
    },
    "2026-02": {
      "trades": 24,
      "pnl": 1176.25,
      "wr": 0.5833333333333334,
      "dd": -478.75,
      "t10_losers": 0
    },
    "2026-03": {
      "trades": 37,
      "pnl": 1122.5,
      "wr": 0.4594594594594595,
      "dd": -593.75,
      "t10_losers": 4
    },
    "2026-04": {
      "trades": 9,
      "pnl": 1537.5,
      "wr": 0.6666666666666666,
      "dd": -8.75,
      "t10_losers": 0
    }
  },
  "tier10_by_regime_14mo": {
    "calm_trend": {
      "n": 176,
      "wr": 0.9715909090909091,
      "avg_size1": 109.85085227272727,
      "tot_size10": 193337.5,
      "losers": 5
    },
    "neutral": {
      "n": 39,
      "wr": 0.8974358974358975,
      "avg_size1": 83.01282051282051,
      "tot_size10": 32375.0,
      "losers": 4
    },
    "whipsaw": {
      "n": 12,
      "wr": 1.0,
      "avg_size1": 108.125,
      "tot_size10": 12975.0,
      "losers": 0
    },
    "dead_tape": {
      "n": 6,
      "wr": 1.0,
      "avg_size1": 117.5,
      "tot_size10": 7050.0,
      "losers": 0
    }
  }
}