{
  "in_sample_warning": "Configs C/D/E include train data Mar 2025-Dec 2025 \u2014 V18 has seen these labels",
  "holdout_months": 3.68142247043364,
  "holdout_rows": 531,
  "v15_in_corpus": true,
  "v18_in_corpus": true,
  "kronos_imputed": 0,
  "windows": {
    "FULL_14mo_in_sample_inflated": {
      "configs": [
        {
          "label": "A_filterless",
          "trades": 1458,
          "wins": 711,
          "losses": 739,
          "wr": 0.4876543209876543,
          "pnl": 14237.5,
          "avg": 9.765089163237311,
          "dd": -3606.25,
          "by_strategy": {
            "DynamicEngine3": {
              "n": 1458,
              "wr": 0.4876543209876543,
              "pnl": 14237.5
            }
          },
          "by_side": {
            "LONG": {
              "n": 1373,
              "wr": 0.4923525127458121,
              "pnl": 15066.25
            },
            "SHORT": {
              "n": 85,
              "wr": 0.4117647058823529,
              "pnl": -828.75
            }
          }
        },
        {
          "label": "B_FilterG_base_0.35",
          "trades": 137,
          "wins": 55,
          "losses": 81,
          "wr": 0.40145985401459855,
          "pnl": -596.25,
          "avg": -4.352189781021898,
          "dd": -898.75,
          "by_strategy": {
            "DynamicEngine3": {
              "n": 137,
              "wr": 0.40145985401459855,
              "pnl": -596.25
            }
          },
          "by_side": {
            "LONG": {
              "n": 131,
              "wr": 0.3969465648854962,
              "pnl": -547.5
            },
            "SHORT": {
              "n": 6,
              "wr": 0.5,
              "pnl": -48.75
            }
          }
        },
        {
          "label": "C_V15_thr_0.65",
          "trades": 424,
          "wins": 335,
          "losses": 87,
          "wr": 0.7900943396226415,
          "pnl": 27610.0,
          "avg": 65.11792452830188,
          "dd": -363.75,
          "by_strategy": {
            "DynamicEngine3": {
              "n": 424,
              "wr": 0.7900943396226415,
              "pnl": 27610.0
            }
          },
          "by_side": {
            "LONG": {
              "n": 380,
              "wr": 0.8342105263157895,
              "pnl": 28011.25
            },
            "SHORT": {
              "n": 44,
              "wr": 0.4090909090909091,
              "pnl": -401.25
            }
          }
        },
        {
          "label": "D_V18_thr_0.60_flat",
          "trades": 506,
          "wins": 381,
          "losses": 123,
          "wr": 0.7529644268774703,
          "pnl": 29425.0,
          "avg": 58.15217391304348,
          "dd": -363.75,
          "by_strategy": {
            "DynamicEngine3": {
              "n": 506,
              "wr": 0.7529644268774703,
              "pnl": 29425.0
            }
          },
          "by_side": {
            "LONG": {
              "n": 457,
              "wr": 0.7964989059080962,
              "pnl": 30075.0
            },
            "SHORT": {
              "n": 49,
              "wr": 0.3469387755102041,
              "pnl": -650.0
            }
          }
        },
        {
          "label": "E_V18_RecipeB_DEPLOYED",
          "trades": 506,
          "wins": 381,
          "losses": 123,
          "wr": 0.7529644268774703,
          "pnl": 262551.25,
          "avg": 518.8759881422925,
          "dd": -1200.0,
          "by_strategy": {
            "DynamicEngine3": {
              "n": 506,
              "wr": 0.7529644268774703,
              "pnl": 262551.25
            }
          },
          "by_side": {
            "LONG": {
              "n": 457,
              "wr": 0.7964989059080962,
              "pnl": 264202.5
            },
            "SHORT": {
              "n": 49,
              "wr": 0.3469387755102041,
              "pnl": -1651.25
            }
          }
        }
      ],
      "deltas_vs_B": {
        "A_filterless": {
          "trades": 1321,
          "pnl": 14833.75,
          "wr_pp": 8.619446697305577,
          "dd": -2707.5
        },
        "C_V15_thr_0.65": {
          "trades": 287,
          "pnl": 28206.25,
          "wr_pp": 38.8634485608043,
          "dd": 535.0
        },
        "D_V18_thr_0.60_flat": {
          "trades": 369,
          "pnl": 30021.25,
          "wr_pp": 35.15045728628718,
          "dd": 535.0
        },
        "E_V18_RecipeB_DEPLOYED": {
          "trades": 369,
          "pnl": 263147.5,
          "wr_pp": 35.15045728628718,
          "dd": -301.25
        }
      },
      "recipe_b_tiers": [
        {
          "tier": "tier10>=0.85",
          "size": 10,
          "n": 233,
          "wr": 0.9613733905579399,
          "pnl": 245737.5,
          "dd": -575.0,
          "avg": 1054.6673819742489
        },
        {
          "tier": "tier4(0.65-0.85)",
          "size": 4,
          "n": 213,
          "wr": 0.5915492957746479,
          "pnl": 15950.0,
          "dd": -1785.0,
          "avg": 74.88262910798122
        },
        {
          "tier": "tier1(0.60-0.65)",
          "size": 1,
          "n": 60,
          "wr": 0.5166666666666667,
          "pnl": 863.75,
          "dd": -130.0,
          "avg": 14.395833333333334
        }
      ]
    },
    "HOLDOUT_2026_Q1_honest": {
      "configs": [
        {
          "label": "A_filterless",
          "trades": 487,
          "wins": 213,
          "losses": 269,
          "wr": 0.43737166324435317,
          "pnl": -2280.0,
          "avg": -4.681724845995893,
          "dd": -3606.25,
          "by_strategy": {
            "DynamicEngine3": {
              "n": 487,
              "wr": 0.43737166324435317,
              "pnl": -2280.0
            }
          },
          "by_side": {
            "LONG": {
              "n": 459,
              "wr": 0.4422657952069717,
              "pnl": -1921.25
            },
            "SHORT": {
              "n": 28,
              "wr": 0.35714285714285715,
              "pnl": -358.75
            }
          }
        },
        {
          "label": "B_FilterG_base_0.35",
          "trades": 32,
          "wins": 13,
          "losses": 19,
          "wr": 0.40625,
          "pnl": -210.0,
          "avg": -6.5625,
          "dd": -336.25,
          "by_strategy": {
            "DynamicEngine3": {
              "n": 32,
              "wr": 0.40625,
              "pnl": -210.0
            }
          },
          "by_side": {
            "LONG": {
              "n": 31,
              "wr": 0.3870967741935484,
              "pnl": -218.75
            },
            "SHORT": {
              "n": 1,
              "wr": 1.0,
              "pnl": 8.75
            }
          }
        },
        {
          "label": "C_V15_thr_0.65",
          "trades": 88,
          "wins": 52,
          "losses": 36,
          "wr": 0.5909090909090909,
          "pnl": 1485.0,
          "avg": 16.875,
          "dd": -363.75,
          "by_strategy": {
            "DynamicEngine3": {
              "n": 88,
              "wr": 0.5909090909090909,
              "pnl": 1485.0
            }
          },
          "by_side": {
            "LONG": {
              "n": 74,
              "wr": 0.5945945945945946,
              "pnl": 1481.25
            },
            "SHORT": {
              "n": 14,
              "wr": 0.5714285714285714,
              "pnl": 3.75
            }
          }
        },
        {
          "label": "D_V18_thr_0.60_flat",
          "trades": 97,
          "wins": 57,
          "losses": 40,
          "wr": 0.5876288659793815,
          "pnl": 1581.25,
          "avg": 16.301546391752577,
          "dd": -363.75,
          "by_strategy": {
            "DynamicEngine3": {
              "n": 97,
              "wr": 0.5876288659793815,
              "pnl": 1581.25
            }
          },
          "by_side": {
            "LONG": {
              "n": 83,