month,trades,pnl,wr,max_size,dd
2026-01,13,12871.25,0.9230769230769231,10,-55.0
2026-02,26,977.5,0.5769230769230769,10,-1200.0
2026-03,49,658.75,0.4897959183673469,10,-1060.0
2026-04,9,1777.5,0.6666666666666666,10,-35.0
