{
  "holdout_baseline": {
    "trades": 507,
    "pnl": -2280.0,
    "wr": 0.4358974358974359,
    "dd": -3606.25
  },
  "heads": {
    "filter_g": {
      "status": "KILL",
      "best": {
        "thr": 0.45,
        "trades": 482,
        "wr": 0.43568464730290457,
        "pnl": -2131.25,
        "dd": -3457.5,
        "n_oos_pre_friend": 1470,
        "gates": {
          "G1": false,
          "G2": true,
          "G3": true,
          "G4": false
        },
        "binding_gates": [
          "G1 DD>870.0",
          "G4 WR<0.55"
        ]
      },
      "closest_min_dd": {
        "thr": 0.45,
        "trades": 482,
        "wr": 0.43568464730290457,
        "pnl": -2131.25,
        "dd": -3457.5
      },
      "closest_max_pnl": {
        "thr": 0.45,
        "trades": 482,
        "wr": 0.43568464730290457,
        "pnl": -2131.25,
        "dd": -3457.5
      },
      "n_train": 1786,
      "n_test": 1477,
      "test_auc": 0.691655020477882
    },
    "kalshi": {
      "status": "KILL",
      "best": {
        "thr": 0.45,
        "trades": 481,
        "wr": 0.4365904365904366,
        "pnl": -2151.25,
        "dd": -3360.0,
        "n_oos_pre_friend": 1468,
        "gates": {
          "G1": false,
          "G2": true,
          "G3": true,
          "G4": false
        },
        "binding_gates": [
          "G1 DD>870.0",
          "G4 WR<0.55"
        ]
      },
      "closest_min_dd": {
        "thr": 0.45,
        "trades": 481,
        "wr": 0.4365904365904366,
        "pnl": -2151.25,
        "dd": -3360.0
      },
      "closest_max_pnl": {
        "thr": 0.45,
        "trades": 481,
        "wr": 0.4365904365904366,
        "pnl": -2151.25,
        "dd": -3360.0
      },
      "n_train": 1786,
      "n_test": 1477,
      "test_auc": 0.6438328577806246
    },
    "lfo": {
      "status": "KILL",
      "best": {
        "thr": 0.65,
        "trades": 489,
        "wr": 0.4376278118609407,
        "pnl": -2232.5,
        "dd": -3558.75,
        "n_oos_pre_friend": 1477,
        "gates": {
          "G1": false,
          "G2": true,
          "G3": true,
          "G4": false
        },
        "binding_gates": [
          "G1 DD>870.0",
          "G4 WR<0.55"
        ]
      },
      "closest_min_dd": {
        "thr": 0.65,
        "trades": 489,
        "wr": 0.4376278118609407,
        "pnl": -2232.5,
        "dd": -3558.75
      },
      "closest_max_pnl": {
        "thr": 0.65,
        "trades": 489,
        "wr": 0.4376278118609407,
        "pnl": -2232.5,
        "dd": -3558.75
      },
      "n_train": 1786,
      "n_test": 1477,
      "test_auc": 0.6576432966478387
    },
    "pct": {
      "status": "KILL",
      "best": {
        "thr": 0.65,
        "trades": 489,
        "wr": 0.4376278118609407,
        "pnl": -2232.5,
        "dd": -3558.75,
        "n_oos_pre_friend": 1477,
        "gates": {
          "G1": false,
          "G2": true,
          "G3": true,
          "G4": false
        },
        "binding_gates": [
          "G1 DD>870.0",
          "G4 WR<0.55"
        ]
      },
      "closest_min_dd": {
        "thr": 0.45,
        "trades": 480,
        "wr": 0.4354166666666667,
        "pnl": -2347.5,
        "dd": -3496.25
      },
      "closest_max_pnl": {
        "thr": 0.65,
        "trades": 489,
        "wr": 0.4376278118609407,
        "pnl": -2232.5,
        "dd": -3558.75
      },
      "n_train": 1786,
      "n_test": 1477,
      "test_auc": 0.6785287952017702
    }
  }
}